brand,model_number,model_name,alternatives,inches,width,height,panel,on_w,sleep_w,off_w,max_nits,hdr,certified
Acer,22UT2Q,22UT2Q_a,22UT******,21.5,1920,1080,IPS LCD,11.46,0.4,0.12,250,,2024-08-09
Acer,ASV15-1B,ASV15-1BP_q,ASV15-1BP,15.5,3840,2160,IPS LCD,11.76,0.25,0.25,400,,2021-11-21
Acer,B196L,B196L_q,,19,1280,1024,TN LCD,10.1,0.2,0.1,250,,2019-11-26
Acer,B206HQL,B206HQL_v,V206HQL_v|V206HQL,19.5,900,1600,TN LCD,10.76,0.2,0.14,200,,2020-01-16
Acer,B226HQL,B226HQL_q,,21.5,1920,1080,TN LCD,11.8,0.3,0.2,250,,2019-11-01
Acer,B226HQL,B226HQL_r,V226HQL_r|V226HQL,21.5,1920,1080,IPS LCD,13.13,0.24,0.18,250,,2019-12-16
Acer,B226HQL,B226HQL_v,V226HQL_v|V226HQL,21.5,1080,1920,TN LCD,12.41,0.22,0.09,250,,2019-12-31
Acer,B227Q,B227Q_b,CB222Q_b|CB222Q,22,1920,1080,IPS LCD,12,0.4,0.25,250,,2023-08-02
Acer,B227Q,B227Q_q,,21.5,1920,1080,IPS LCD,10,0.2,0.1,250,,2019-09-20
Acer,B227Q,B227Q_v,B227Q***|V227Q_v|V227Q|V227Q***,21.5,1920,1080,TFT LCD,13.45,0.2,0.14,250,,2019-10-21
Acer,B246HL,B246HL_q,,24,1920,1080,TN LCD,11.63,0.28,0.19,250,,2019-11-15
Acer,B246HL,B246HL_v,CB241H_v|CB241H|V246HL_v|V246HL,24,1080,1920,TN LCD,13.17,0.32,0.14,300,,2019-12-27
Acer,B246HQL,B246HQL_v,V246HQL_v|V246HQL|VE246Q_v|VE246Q,23.6,1080,1920,TN LCD,13.9,0.23,0.17,250,,2020-01-16
Acer,B246WL,B246WL_q,,24.1,1920,1200,IPS LCD,12.6,0.3,0.1,300,,2019-10-28
Acer,B247W,B247W_q,,24.1,1920,1200,IPS LCD,10.8,0.2,0.1,300,,2019-12-16
Acer,B247W,B247W_v,B247W***|V247W_v|V247W|V247W***,24,1920,1200,TFT LCD,14.85,0.25,0.17,350,,2024-04-03
Acer,B247Y,B247Y,,23.8,1920,1080,IPS LCD,11.42,0.17,0.15,250,,2022-12-12
Acer,B247Y,B247Y_b,V247Y_b|V247Y,23.8,1920,1080,IPS LCD,10.32,0.28,0.15,300,,2024-08-09
Acer,B247Y,B247Y_q,,23.8,1920,1080,IPS LCD,9.9,0.1,0.1,250,,2026-05-08
Acer,B247Y,B247Y_v,,23.8,1920,1080,IPS LCD,14.44,0.37,0.29,250,,2022-09-29
Acer,B247Y,B247Y_v,V247Y_v|V247Y,23.8,1920,1080,IPS LCD,14.93,0.34,0.27,250,,2019-09-06
Acer,B247Y C,B247Y C_v,,23.8,1080,1920,IPS LCD,12.5,0.28,0.24,250,,2020-01-16
Acer,B247Y_v,B247Y_v,B247Y***,23.8,1920,1080,TFT LCD,9.48,0.13,0.08,300,,2026-06-25
Acer,B248W,B248W_v,B248W***,24,1920,1200,TFT LCD,15.23,1.24,0.27,350,,2024-05-31
Acer,B248Y,B248Y_v,B248Y***,23.8,1920,1080,IPS LCD,14.64,0.59,0.45,350,,2020-11-26
Acer,B276HK,B276HK_q,,27,3840,2160,IPS LCD,21.96,0.16,0.11,350,,2020-07-13
Acer,B276HUL,B276HUL_v,K272HUL_v|K272HUL,27,1440,2560,IPS LCD,19.29,0.49,0.36,350,,2020-05-05
Acer,B277,B277_b,V277_b|V277,27,1920,1080,IPS LCD,12.89,0.17,0.14,250,,2024-11-12
Acer,B277,B277_b,V277_b|V277,27,1920,1080,IPS LCD,15.22,0.14,0.12,300,,2023-04-18
Acer,B277,B277_k,CB272|CB272_k|B27**********|CB27**********|V27**********|V277_k|V277,27,1920,1080,IPS LCD,14.58,0.14,0.08,300,,2024-06-05
Acer,B277,B277_q,,27,1920,1080,IPS LCD,13.54,0.3,0.12,250,,2026-05-14
Acer,B277,B277_q,,27,1920,1080,IPS LCD,14.8,0.2,0.1,250,,2019-09-25
Acer,B277,B277_r,CB272_r|CB272|V277_r|V277,27,1920,1080,IPS LCD,14.95,0.23,0.11,250,,2019-11-28
Acer,B277,B277_v,B277***_v|V277|V277_v|V277***_v,27,1080,1920,IPS LCD,13.9,2.63,0.17,250,,2019-11-28
Acer,B277K,B277K_v,B277K***|V277K|V277K***|V277K_v,27,3840,2160,TFT LCD,29.57,0.34,0.22,350,,2025-06-16
Acer,B277K,B277K_v,V277K_v|V277K,27,2160,3840,IPS LCD,24.25,0.33,0.18,350,,2020-06-24
Acer,B277U,B277U_a,B277|B27*****|CB272|CB27*****|CBA272|CBA27*****|V277U|V277|V27*****,27,2560,1440,IPS LCD,14.16,0.35,0.11,250,,2024-04-18
Acer,B277U,B277U_a,B277|B27*****|CB272|CB272U|CB27*****|CBA272|CBA27*****|V277U|V277|V27*****,27,2560,1440,IPS LCD,14.24,0.14,0.13,300,,2025-06-13
Acer,B277U,B277U_q,,27.4,2560,1440,IPS LCD,16.9,0.3,0.2,350,,2019-11-01
Acer,B277U,B277U_v,V277U_v|V277U,27,2560,1440,IPS LCD,20.8,0.23,0.13,250,,2020-01-16
Acer,B277U_v,B277U_v,B277U***,27,2560,1440,TFT LCD,9.59,0.18,0.11,350,,2026-06-25
Acer,B277_v,B277_v,B277***,27,1920,1080,TFT LCD,9.57,0.13,0.08,300,,2026-06-25
Acer,B278K,B278K_v,,27,2160,3840,IPS LCD,26.94,0.37,0.25,350,,2023-02-18
Acer,B278U,B278U_v,B278U***,27,2560,1440,TFT LCD,18.06,1.3,0.24,350,,2022-05-24
Acer,B326HUL,B326HUL_q,,32,2560,1440,IPS LCD,21.9,0.7,0.3,300,,2019-11-01
Acer,B327QK_a,B327QK,B32******|EK32******|CB32******|XB32******|XV32******,31.5,3840,2160,VA LCD,30.69,0.26,0.23,250,,2025-07-07
Acer,B327QK_v,B327QK_v,B327QK***,31.5,3840,2160,TFT LCD,20.27,0.36,0.19,350,,2025-09-03
Acer,BE270U A,BE270U Abmipruzx,BE270|BE270U,27,1440,2560,IPS LCD,20.76,0.29,0.23,331.6,,2019-11-19
Acer,BL280K,BL280K_v,CBL282K_v|CBL282K|CL280K_v|CL280K,28,3840,2160,TFT LCD,29.37,0.3,0.23,331.6,,2020-12-24
Acer,BM320,BM320_q,B326HK_q|B326HK,32,3840,2160,IPS LCD,28.8,0.6,0.2,350,,2019-11-05
Acer,BR247Y,BR247Y_q,,23.8,1920,1080,IPS LCD,10.94,0.24,0.1,250,,2023-07-27
Acer,CB241Y,CB241Y_v,,23.8,1920,1080,TFT LCD,15.28,0.24,0.18,250,,2022-06-13
Acer,CB242Y,CB242Y,,23.8,1920,1080,VA LCD,12.15,0.29,0.26,250,,2023-01-04
Acer,CB242Y,CB242Y,CB24******,23.8,1920,1080,IPS LCD,12.48,0.11,0.08,388.1,,2024-08-15
Acer,CB242Y,CB242Y_q,,23.8,1920,1080,IPS LCD,10.83,0.11,0.08,250,,2026-05-08
Acer,CB242Y,CB242Y_r,B247Y_r|B247Y|V247Y_r|V247Y,23.8,1920,1080,IPS LCD,13.35,0.21,0.16,250,,2019-09-27
Acer,CB242Y,CB242Y_v,CBA242Y_v|CBA242Y,23.8,1080,1920,IPS LCD,14.34,0.2,0.14,250,,2020-01-16
Acer,CB243Y,CB243Y_v,CB243Y***,23.8,1920,1080,TFT LCD,15.57,0.56,0.2,300,,2021-12-31
Acer,CB272,CB272,CB27******,27,1920,1080,IPS LCD,14.41,0.11,0.09,227.6,,2024-08-15
Acer,CB272,CB272_q,,27,1920,1080,IPS LCD,13.35,0.13,0.09,250,,2026-05-14
Acer,CB272,CB272_v,CB272U|CB272U_v|CB272U***|CB272***,27,2560,1440,IPS LCD,18.97,0.3,0.23,350,,2020-08-04
Acer,CB272K,CB272K_k,CB27**********,27,3840,2160,IPS LCD,22.94,0.45,0.21,350,,2026-04-08
Acer,CB272K,CB272K_v,,27,2160,3840,IPS LCD,23.15,0.27,0.21,350,,2023-05-09
Acer,CB272K,CB272K_v,CB272K***,27,3840,2160,TFT LCD,26.59,0.26,0.11,350,,2025-06-16
Acer,CB272U,CB272U_k,CB27**********,27,2560,1440,IPS LCD,17.47,0.31,0.16,300,,2026-04-08
Acer,CB273,CB273_v,CB273***,27,1920,1080,IPS LCD,17.07,0.35,0.29,250,,2025-04-22
Acer,CB273K,CB273K_v,,27,2160,3840,IPS LCD,23.9,0.71,0.18,350,,2023-03-02
Acer,CB273U,CB273U_v,,27,2560,1440,TFT LCD,20.48,0.28,0.19,350,,2021-08-25
Acer,CB322Q,CB322Q_b,,31.5,1080,1920,IPS LCD,12.42,0.21,0.16,300,,2026-06-18
Acer,CB322QK,CB322QK_b,,31.5,3840,2160,IPS LCD,30.3,0.26,0.22,350,,2024-10-31
Acer,"CB322QK SEMIPRUZX, CB322QK SEMIPRUX, CB322QK SEMIPRX, CB322QK BEMIPRUZX",CB322QK,,31.5,2160,3840,IPS LCD,30.89,0.34,0,350,,2022-03-24
Acer,CB322QK_v,CB322QK_v,CB322QK***,31.5,3840,2160,TFT LCD,24.45,0.28,0.13,350,,2025-09-26
Acer,CB322QU,CB322QU_b,EB321HQU_b|EB321HQU,31.5,2560,1440,IPS LCD,19.46,0.36,0,300,,2024-06-20
Acer,CB323QK_v,CB323QK_v,CB323QK***,31.5,3840,2160,TFT LCD,20.17,0.89,0.26,350,,2025-11-11
Acer,CB342CUR,CB342CUR_a,CB34******|CBA34******|GA34******,34,3440,1440,VA LCD,25.02,0.35,0.12,250,,2025-08-21
Acer,CB342CUR,CB342CUR_v,,34,3440,1440,TFT LCD,33.61,0.39,0.29,300,,2021-07-16
Acer,CB343CUR,CB343CUR,CB34*******|B343CUR_a|CBA34*******|ED34*******|EDA34*******|GA34*******|XZ34*******|XV34*******|XZA34*******,34,3440,1440,VA LCD,27.72,1.14,0.25,350,,2026-01-19
Acer,CB343CUR,CB343CUR_v,,34,3440,1440,IPS LCD,31.9,0.27,0.21,300,,2023-11-02
Acer,CB382CUR,CB382CUR_v,,37.5,1600,3840,TFT LCD,40.6,0.49,0.29,300,,2021-06-03
Acer,CZ342CUR,CZ342CUR,,34,3440,1440,VA LCD,30.61,0.22,0.21,287.1,DisplayHDR 1000,2023-01-12
Acer,E200Q,E200Q_k,K202|KA200|K202Q|KA200Q|V206Q,19.5,1600,900,IPS LCD,10.98,0.12,0.1,220,,2024-01-25
Acer,EB247YD,EB247YD,,23.8,1080,1920,IPS LCD,13.39,0.25,0.21,244,,2026-06-26
Acer,EK221Q,EK221Q_a,EG22*****|EK22*****|KA22*****|KB22*****|KC22*****|SA22*****|SB22*****|SC22*****|V22*******,21.5,1920,1080,IPS LCD,10.46,0.11,0.1,250,,2023-10-12
Acer,EK241Y,EK241Y_a,EG24*****|EK24****|K*24*****|KA242Y|KA24*****|KB24*****|KC24*****|PG24*****|XF24*****,23.8,1920,1080,IPS LCD,14.13,0.15,0.12,250,,2023-09-11
Acer,EK241Y,EK241Y_a,EK24****|KA24*****|KB24*****|KC24*****,23.8,1920,1080,IPS LCD,13.69,0.09,0.08,286.6,,2025-01-10
Acer,EK251Q,EK251Q_a,E*25*****|EK251|EK25*****|K*25*****|KA251Q|KA25*****|KB25*****|KC25*****|N245*****,24.5,1920,1080,IPS LCD,13.17,0.15,0.13,250,,2023-09-06
Acer,EK251Q,EK251Q_a,E*25*****|KA25*****|EK25*****|K*25*****|V25******|KB25*****|KC25*****|N245*****,24.5,1920,1080,IPS LCD,11.23,0.21,0.19,250,,2026-05-14
Acer,EK271K,EK271K _a,ED*27*****|ED27*****|EG27*****|EK27****|KA27*****|KB27*****|KC27*****|KG27*****|QG27*****|R27*****|SA27*****|SB27*****|SH27*****|VG27*****|XF27*****|XV*27*****|XV27*****|XZ27*****,26.9,3840,2160,IPS LCD,25.2,0.14,0.11,250,,2025-10-29
Acer,EK271U_a,EK271U_a,E*27*****|EEK27*****|EG27*****|KA27*****|XF27*****,27,1920,1080,IPS LCD,13.18,0.41,0.13,250,,2025-07-08
Acer,"EK321Q, EK321Q_a, EK32******, XV32******, XB32******, B32****** (* can be A-Z, 0-9 or - or blank for marketing purpose only)",LCD Monitor,EK321Q|EK321Q_a|EK32******|XV32******|XB32******|B32******,31.5,1920,1080,IPS LCD,20.18,0.11,0.11,332.7,,2025-03-03
Acer,EK321QK_a,EK321QK,EK32******|XV32*****,31.5,3840,2160,IPS LCD,28,0.14,0.1,250,,2025-01-15
Acer,EV206HQL,EV206HQL*,,19.5,1600,900,IPS LCD,10,0.23,0.2,250,,2022-12-06
Acer,KA272_a,LCD Monitor,DA27*****|ED27*****|EK27*****|GA27*****|KA27*****|KA272|KG27*****|R27*****|SA27*****|SB27*****|SH27*****,27,1920,1080,IPS LCD,11.86,0.16,0.15,405.3,,2024-09-13
Acer,MA240,MA240,MA240t,23.8,1920,1080,IPS LCD,14.7,0.27,0.21,250,,2022-09-16
Acer,MK221Q,MK221Q_c,,21.5,1920,1080,TFL-LCD,11.84,0.08,0.07,250,,2025-03-20
Acer,MK241Y,MK241Y_c,,23.8,1920,1080,TFL-LCD,10.3,0.07,0.06,300,,2025-03-20
Acer,PE140WU_z,PE140WU_z,14PEXXXXXXX|14PGXXXXXX|14PMXXXXXX|PE140WUXXXX|PE14XXXXXX|PG14XXXXXX|PM14XXXXXX,14,1920,1200,TFT-LCD,3.01,0.33,0.3,300,,2026-01-13
Acer,PE160W,PE160W,16PE0WU|16PEXXXXXXX|PE160WU|PE16XXXXXXX,16,1920,1200,OLED,5.84,0.21,0.19,320,,2026-03-25
Acer,PE160WU_z,PE160WU_z,16PEXXXXXXX|16PGXXXXXX|16PMXXXXXX|PE160WU|PE160WUT|PE160WUXXXX|PE16XXXXXX|PG16XXXXXX|PM16XXXXXX,16,2880,1800,TFT-LCD,8.27,0.61,0.12,400,,2026-01-13
Acer,PE270K _v,PE270K _v,PE270K***,27,3840,2160,TFT LCD,25.3,0.28,0.23,350,,2025-11-12
Acer,PE270K_v,PE270K_v,PE270K***,26.5,3840,2160,OLED,30.82,0.26,0.23,250,,2026-06-25
Acer,PE270U,PE270U,PE270U***,27,2560,1440,TFT LCD,21.24,0.44,0.28,350,,2025-07-10
Acer,PE270XT,LCD Monitor,PE27******,27,5120,2880,IPS LCD,32.77,0.1,0.1,279.4,DisplayHDR 600,2025-07-18
Acer,PE270X_v,PE270X_v,PE270X***,27,5120,2880,TFT LCD,26.69,0.27,0.22,600,DisplayHDR 600,2025-11-12
Acer,PE320QK,PE320QK bmiipruzx,,31.5,2160,3840,TFT LCD,37.7,0.47,0.35,300,DisplayHDR 400,2019-12-27
Acer,PE320QK_v,PE320QK_v,PE320QK***,31.5,3840,2160,TFT LCD,31.3,0.32,0.25,350,,2025-11-21
Acer,PE320QXT--,PE320QXT--,PE320******,31.5,1080,1920,TFT-LCD,44.87,0.23,0.01,326.6,DisplayHDR 600,2025-08-22
Acer,PE320QX_v,PE320QX_v,PE320QX***,31.5,6016,3384,TFT LCD,34.69,0.33,0.24,400,DisplayHDR 600,2026-05-26
Acer,PM161Q,Monitor,,15.6,1920,1080,IPS LCD,4.98,0.26,0.25,310.6,,2024-05-28
Acer,PM161Q,PM161Q_k,PM16*********,15.6,1920,1080,IPS LCD,6.14,0.21,0.17,250,,2024-07-24
Acer,SA272_a,SA272_a,E*27*****|EG27*****|EK27*****|K*27*****|KA27*****|KB27*****|KC27*****|KG27*****|S*27*****|SA27*****|SB27*****|SC27*****|X*27*****|XF27*****,27,1920,1080,IPS LCD,14.3,0.15,0.14,250,,2023-09-06
Acer,UT222Q,UT222Q_a,UT22******,21.5,1920,1080,IPS LCD,11.46,0.4,0.12,250,,2024-08-09
Acer,UT241Y,UT241Y_v,,23.8,1080,1920,IPS LCD,17.53,0.22,0.17,250,,2020-01-06
Acer,UT241Y B,UT241Y B,UT241Y***,23.8,1920,1080,TFT LCD,14.08,2.2,0.23,250,,2025-10-25
Acer,UT242Y,UT242Y_b,,23.8,1920,1080,IPS LCD,10.6,0.7,0.18,400,,2022-12-26
Acer,UT242Y bmipzx,UT242Y,,23.8,1920,1080,IPS LCD,10.95,0.54,0.15,400,,2026-01-28
Acer,UT272,UT272_b,,27,1920,1080,TN LCD,12.01,0.2,0.16,360,,2024-01-24
Acer,UT272U,UT272U_b,,27,2560,1440,IPS LCD,11.82,0.6,0.18,360,,2024-01-15
Acer,V176L,V176L_q,,17,1280,1024,TN LCD,8.2,0.3,0.1,250,,2019-11-01
Acer,V196L,V196L_q,,19,1280,1024,TN LCD,9.5,0.3,0.1,250,,2019-11-26
Acer,V206HQL,V206HQL Bb_q,,19.4,1366,768,TN LCD,7.5,0.2,0.1,200,,2019-10-24
Acer,V206HQL,V206HQL b_q,,19.5,1600,900,TN LCD,9.2,0.3,0.2,200,,2019-10-03
Acer,V206Q,V206Q_m,E200****|K202Q|KA200Q|V20******,19.5,1600,900,TN LCD,10.58,0.15,0.13,250,,2024-06-10
Acer,V226HQL,V226HQL Bb,,21.5,1920,1080,TN LCD,12.29,0.18,0.13,200,,2020-03-05
Acer,V226HQL,V226HQL b,,21.5,1920,1080,TN LCD,12.84,0.21,0.15,250,,2020-03-20
Acer,V226HQL,V226HQL_q,K222HQL_q|KA220HQ_q|K222HQL|KA220HQ,21.5,1920,1080,TN LCD,10.7,0.2,0.1,200,,2019-11-01
Acer,V226HQL B,V226HQL Bb,,21.5,1920,1080,TN LCD,12.29,0.18,0.13,200,,2020-03-17
Acer,V226WL,V226WL_q,,22,1680,1050,TN LCD,10.8,0.3,0.1,250,,2019-11-05
Acer,V227Q,LCD Monitor,EK22*****|KA22*****|KB22*****|KC22*****|R22*****|SA22*****|SB22*****|SC22*****|SH22*****|V22******,21.5,1920,1080,IPS LCD,12.37,0.15,0.14,306.3,,2024-09-13
Acer,V227Q,V227Q_a,B227Q|B22*****|CB22*****|CBA22*****|V22*****,21.5,1920,1080,IPS LCD,11.91,0.12,0.11,250,,2022-09-28
Acer,V227Q,V227Q_b,,21.5,1920,1080,VA LCD,13.06,0.22,0.15,250,,2022-06-23
Acer,V227Q,V227Q_q,,21.5,1920,1080,IPS LCD,9.65,0.14,0.11,250,,2025-07-15
Acer,V246HL,V246HL_q,,24,1920,1080,TN LCD,11.3,0.2,0.1,250,,2019-11-15
Acer,V247W,V247W_q,,24.1,1920,1200,IPS LCD,10.06,0.12,0.08,300,,2021-07-22
Acer,V247Y,V247Y bi,,23.8,1920,1080,TFT LCD,11.86,0.16,0.14,400,,2020-12-22
Acer,V247Y,V247Y_a,B247Y|B24*****|CB242Y|CB24*****|CBA242Y|CBA24*****|V24*****,23.8,1920,1080,IPS LCD,14.5,0.16,0.16,250,,2022-05-26
Acer,V247Y,V247Y_b,,23.8,1080,1920,TFT LCD,13.2,0.22,0.22,250,,2021-01-20
Acer,V247Y,V247Y_k,B247Y_k|B247Y|CB242Y_k|V24**********|B24**********|CB242Y|CB24**********,23.8,1920,1080,IPS LCD,13.82,0.2,0.15,250,,2024-11-19
Acer,V247Y,V247Y_q,,23.8,1920,1080,IPS LCD,10.3,0.1,0.1,250,,2026-05-07
Acer,V247YU,V247YU_v,,23.8,2560,1440,TFT LCD,17.05,0.23,0.16,300,,2023-03-08
Acer,V277,V277_a,B277|B27*****|CB272|CB27*****|CBA272|CBA27*****|V27*****,27,1920,1080,IPS LCD,17.27,0.29,0.22,250,,2024-02-08
Acer,V277,V277_q,,27,1920,1080,IPS LCD,11.8,0.2,0.1,250,,2019-09-25
Acer,V277 G,V277_q,,27,1920,1080,IPS LCD,12.54,0.25,0.12,250,,2026-05-14
Acer,V277U,V277U_q,,27,2560,1440,IPS LCD,16.8,0.2,0.2,350,,2019-12-13
Acer,V277U,V277U_q,,27,2560,1440,IPS LCD,16.82,0.23,0.15,350,,2025-07-17
Acer,VT270,VT270_v,,27,1920,1080,TFT LCD,19.03,0.35,0.24,270,,2022-04-20
Acer,XF270U,XF270U_a,ED*27*****|ED27******|EG27*****|EK27******|KG27*****|MGB27*****|QG27*****|VG27*****|XF270|XF27*****|XV*27*****|XV27*****|XZ27*****,27,2560,1440,IPS LCD,12.62,0.18,0.17,250,,2026-08-14
aidata,BM-X7,BM-X7,,23.8,1920,1080,IPS LCD,14.05,0.18,0.16,250,,2025-01-02
AOC,16T3EA,16T3EA,16G3|16T3E|16T3NE,15.6,1920,1080,TFT LCD,7.25,0.32,0.27,250,,2023-08-11
AOC,185LM00019,E970PWHEN,E970SWN|E970SWHEN|E970SWNL|E970SWN5,18.5,1366,768,TN LCD,7.54,0.3,0.2,250,,2020-01-22
AOC,195LM00003,E2070SWNE,E2070SWHN|E2070SWN,19.5,1600,900,TFT LCD,10.16,0.27,0.22,200,,2020-03-10
AOC,20E1,20E1H,,19.5,900,1600,TFT LCD,9.57,0.17,0.16,200,,2020-03-16
AOC,22B2D,22B2D,22B2DA|22B2DM,21.5,1920,1080,TFT LCD,12.32,0.2,0.12,200,,2020-11-19
AOC,22B2Q,22B2QAM,,21.5,1920,1080,TFT LCD,12.82,0.14,0.1,250,,2021-06-20
AOC,22E1,22E1,22E1D|22E1H|22E1Q|22P1|22P1D|22P1E,21.5,1080,1920,TFT LCD,13.12,0.29,0.13,250,,2020-01-07
AOC,22E2,22E2H,,21.5,1920,1080,TFT LCD,12.28,0.16,0.09,250,,2023-04-24
AOC,22E2,22E2QA,,21.5,1920,1080,TFT LCD,12.99,0.27,0.22,200,,2020-11-19
AOC,22P2T,22P2T,,21.5,1920,1080,VA LCD,15.25,0.14,0.14,250,,2024-09-25
AOC,22P2UM,22P2UM,22E2UMF|22P2,21.5,1920,1080,TFT LCD,12.85,0.21,0.12,250,,2023-05-23
AOC,24B1,24B1H,24B1XH|24B1XHS,23.8,1080,1920,TFT LCD,12.9,0.18,0.12,250,,2020-03-10
AOC,24B2,24B2H,24B2XH|24B2XHM2,23.8,1080,1920,TFT LCD,14.05,0.24,0.15,250,,2020-03-10
AOC,24B2XD,24B2XD,24B2XDA,23.8,1920,1080,TFT LCD,13.46,0.15,0.12,250,,2020-11-18
AOC,24B31H,24B31H,,23.8,1920,1080,IPS LCD,11.36,0.14,0.11,300,,2024-08-20
AOC,24B3CA2,24B3CA2,24B3CF2|24B3HA2,23.8,1920,1080,IPS LCD,14.55,0.24,0.17,250,,2024-05-31
AOC,24B3QA2,24B3QA2,,23.8,1920,1080,IPS LCD,13.1,0.17,0.12,240,,2024-11-27
AOC,24E1,24E1Q,24P1|24P1E|24P1U|X24P1,23.8,1080,1920,TFT LCD,13.68,0.22,0.14,250,,2020-01-07
AOC,24E2,24E2D,24E2QA|24P2C|24P2|24P2Q|24P2QM|Q24P2Q,23.8,1080,1920,TFT LCD,14.37,0.1,0.1,250,,2022-07-15
AOC,24E2,24E2QA,,23.8,1920,1080,IPS LCD,12.85,0.29,0.22,250,,2020-08-19
AOC,24E3,24E3UM,24E3QAF,23.8,1920,1080,TFT LCD,13.63,0.18,0.18,300,,2022-09-19
AOC,24E3QF,24E3QF,24E3UF,23.8,1920,1080,IPS LCD,13.03,0.4,0.15,300,,2024-09-04
AOC,24E4CV,24E4CV,24E4CVJ,23.8,1920,1080,IPS LCD,15.62,0.3,0.22,300,,2025-06-25
AOC,24E4U,24E4U,24E4UJ,23.8,1920,1080,IPS LCD,12.85,0.16,0.13,300,,2025-04-24
AOC,24P3,24P3QW,24P3CV|24P3C|24P3CW,23.8,1920,1080,TFT LCD,15.14,0.29,0.19,300,,2022-09-30
AOC,24P4CV,24P4CV,24P4CVJ,23.8,1920,1080,IPS LCD,13.92,0.5,0.16,300,,2025-10-22
AOC,24P4U,24P4U,24P4UJ,23.8,1920,1080,IPS LCD,12.02,0.16,0.13,300,,2025-06-20
AOC,24V2,24V2H,24V2Q,23.8,1920,1080,TFT LCD,13.72,0.17,0.16,250,,2023-09-12
AOC,270LM00018,I2781FH,,27,1080,1920,TFT LCD,14.89,0.18,0.11,250,,2020-01-14
AOC,270LM00043,I2790PQU,,27,1080,1920,TFT LCD,15.9,0.3,0.2,250,,2019-12-17
AOC,270LM00043,U2790PQU,U2790VQ,27,2160,3840,TFT LCD,18.95,0.29,0.19,350,,2020-01-08
AOC,27B2,27B2H,,27,1080,1920,TFT LCD,12.94,0.17,0.12,250,,2020-03-16
AOC,27B31H,27B31H,,27,1920,1080,IPS LCD,13.89,0.13,0.11,300,,2024-08-16
AOC,27B3CA2,27B3CA2,27B3CF2|27B3HA2,27,1920,1080,IPS LCD,17.15,0.26,0.18,250,,2024-05-31
AOC,27B3QA2,27B3QA2,,27,1920,1080,IPS LCD,14.26,0.19,0.13,300,,2024-11-27
AOC,27E2,27E2UA,,27,1920,1080,IPS LCD,15.08,0.48,0.18,250,,2020-08-19
AOC,27E3,27E3UM,27E3QAF,27,1920,1080,TFT LCD,15.86,0.17,0.21,300,,2022-09-19
AOC,27E4CV,27E4CV,27E4CVJ,27,1920,1080,IPS LCD,16.63,0.31,0.22,300,,2025-06-26
AOC,27E4U,27E4U,27E4UJ,27,1920,1080,IPS LCD,14.81,0.18,0.14,300,,2025-04-24
AOC,27P1,27P1,,27,1080,1920,TFT LCD,14.18,0.2,0.16,250,,2020-02-27
AOC,27V2,27V2H,27V2Q,27,1080,1920,TFT LCD,15.28,0.16,0.14,250,,2020-01-14
AOC,28P2,U28P2A,,28,3840,2160,TFT LCD,28.97,0.29,0.19,300,,2020-11-19
AOC,CU34E4CV,CU34E4CV,CU34E4CVJ,34,3440,1440,VA LCD,32.42,0.65,0.16,300,,2025-07-24
AOC,CU34P2,CU34P2A,,34,3440,1440,TFT LCD,32.18,0.26,0.15,300,,2020-09-02
AOC,CU34P2C,CU34P2C,,34,3440,1440,TFT LCD,30.23,0.29,0.23,300,,2022-02-16
AOC,CU34P3C,CU34P3CV,,34,3440,1440,TFT LCD,28.11,0.17,0.15,300,,2022-11-17
AOC,CU34V5C,CU34V5C,CU34V5CW,34,3440,1440,VA LCD,31.52,0.36,0.32,300,,2024-09-25
AOC,G2490,G2490VX,G2490VXA,23.8,1920,1080,IPS LCD,13.91,0.21,0.15,250,,2020-09-02
AOC,K27U3D,K27U3D,K27U3|K27U3A|K27U3AM|K27U3DA,27,5120,2880,ADS,29.83,0.3,0.25,500,DisplayHDR 600,2025-05-16
AOC,Q24P3,Q24P3,,23.8,2560,1440,TFT LCD,17.61,0.16,0.1,250,,2023-12-26
AOC,Q27B3CF2,Q27B3CF2,,27,2560,1440,IPS LCD,20.46,0.22,0.17,350,,2024-07-16
AOC,Q27E3,Q27E3UAM,Q27E3UMF,27,2560,1440,TFT LCD,18.59,0.22,0.22,300,,2022-09-19
AOC,Q27E4CV,Q27E4CV,Q27E4CVJ,27,2560,1440,IPS LCD,18.94,0.5,0.23,350,,2025-07-11
AOC,Q27E4CW,Q27E4CW,,27,2560,1440,IPS LCD,18.94,0.5,0.23,350,,2026-07-29
AOC,Q27E4U,Q27E4U,Q27E4UJ,27,2560,1440,IPS LCD,21.12,0.19,0.13,350,,2026-01-23
AOC,Q27P2,Q27P2Q,Q27P2CA,27,2560,1440,TFT LCD,20.94,0.26,0.19,300,,2021-06-22
AOC,Q27P3,Q27P3QW,Q27P3CV|Q27P3C|Q27P3CW,27,2560,1440,TFT LCD,21.66,0.29,0.18,350,,2022-09-30
AOC,Q27P4CV,Q27P4CV,Q27P4CVJ,27,2560,1440,IPS LCD,21.98,0.55,0.16,350,,2025-10-21
AOC,Q27P4U,Q27P4U,Q27P4J|Q27P4UJ,27,2560,1440,IPS LCD,16.84,0.22,0.16,350,,2025-07-11
AOC,Q27U3CV,Q27U3CV,,27,2560,1440,IPS LCD,21.27,1.54,0.2,350,DisplayHDR 400,2024-01-23
AOC,Q32E4U,Q32E4U,Q32E4UJ,31.5,2560,1440,IPS LCD,21.2,0.18,0.16,350,,2025-09-29
AOC,Q34E2,Q34E2A,,34,2560,1440,TFT LCD,23.08,0.19,0.12,300,,2020-09-29
AOC,U27E3UF,U27E3UF,,27,3840,2160,IPS LCD,22.57,0.22,0.16,350,,2024-05-30
AOC,U27E4CV,U27E4CV,U27E4CVJ,27,3840,2160,IPS LCD,21.99,0.75,0.13,400,,2025-09-08
AOC,U27P2,U27P2,U27P2CA,27,2560,1440,TFT LCD,25.61,0.26,0.2,350,,2021-06-23
AOC,U27U2DP,U27U2DP,U27U2P,27,3840,2160,TFT LCD,24.83,0.28,0.21,400,,2023-01-17
AOC,U27U3CV,U27U3CV,,27,3840,2160,IPS LCD,25.39,0.62,0.19,400,DisplayHDR 400,2024-03-27
AOC,U32U3CV,U32U3CV,U32U3|U32U3D,31.5,3840,2160,IPS LCD,30.88,0.69,0.2,400,DisplayHDR 400,2024-04-09
AOC,X24E4U,X24E4U,,24.1,1920,1200,IPS LCD,13.55,0.21,0.14,300,,2025-08-12
AOpen,20E0Q,20E0Q_k,20E0Q***,19.5,1600,900,IPS LCD,10.98,0.12,0.1,220,,2023-04-10
AOpen,22CL1Q,LCD Monitor,22CL*****|22CV*****|22MV******|22R*****|22SA******|22SB******|22SC******|22SH******,21.5,1920,1080,IPS LCD,12.37,0.15,0.14,306.3,,2024-09-13
AOpen,22CV1Q,22CV1Q_a,22CL*****|22CV****|22MV*****|22SA*****|22SB*****|22SC*****,21.5,1920,1080,IPS LCD,10.46,0.11,0.1,250,,2024-02-08
AOpen,24CV1Y,24CV1Y_a,24CL*****|24CV*****,23.8,1920,1080,IPS LCD,13.66,0.09,0.08,286.6,,2025-01-03
AOpen,24UT1Y,24UT1Y_v,,23.8,1920,1080,IPS LCD,17.61,0.29,0.23,250,,2023-05-11
AOpen,24UT2Y,24UT2Y_b,,23.8,1920,1080,IPS LCD,10.95,0.54,0.15,400,,2026-03-18
AOpen,25MV1Q,25MV1Q,25C*****|25CL*****|25H*****|25HC*****|25M*****|25MV*****,24.5,1920,1080,IPS LCD,13.17,0.15,0.13,250,,2024-11-27
AOpen,27CL1_a,LCD Monitor,27CL*****|27CV*****|27HC*****|27R*****|27SA*****|27SB*****|27SH*****|27XC*****,27,1920,1080,IPS LCD,11.86,0.16,0.15,405.3,,2024-09-13
AOpen,27SA2_a,27SA2_a,27C*****|27CL*****|27CV*****|27M*****|27MV*****|27S*****|27SA2|27SA*****|27SB*****|27SC*****,27,1920,1080,IPS LCD,14.3,0.15,0.14,250,,2024-01-12
AOpen,27UT2,27UT2_b,,27,1920,1080,TN LCD,12.18,0.2,0.16,350,,2024-01-24
AOpen,27UT2U,27UT2U_b,,27,2560,1440,IPS LCD,11.82,0.6,0.18,360,,2024-01-15
AOpen,32CV1QK,32CV1QK,32CV******|32MV******,31.5,3840,2160,VA LCD,27.29,0.26,0.13,380.8,,2026-02-11
Apple,A3348,Studio Display XDR,,26.9,5120,2880,IPS LCD,34.05,0.32,,2000,DisplayHDR 600,2026-03-02
Apple,A3350,Studio Display,,26.9,5120,2880,IPS LCD,32.33,0.35,,600,,2026-03-02
ASRock,CL25FF,CL25FF,A25FF********|CL25FF********,24.5,1920,1080,IPS LCD,13.21,0.16,0.13,250,,2023-09-15
ASRock,CL25FFAE,CL25FFBE,A25FF********|CL25FF********|PG25FF********,24.5,1920,1080,IPS LCD,11.42,0.17,0.16,250,,2026-07-02
ASRock,CL25FFB,CL25FFB,A25FF*********|CL25FFA|CL25FF*********|PG25FF*********|PG25FFT,24.5,1920,1080,IPS LCD,12.68,0.13,0.12,250,,2025-06-13
ASRock,CL25FFBE,CL25FFAE,A25FF********|CL25FF********|PG25FF********,24.5,1920,1080,IPS LCD,12.65,0.12,0.11,250,,2026-07-02
ASRock,CL27FF,CL27FF,A27FF********|CL27FF********,27,1920,1080,IPS LCD,14.25,0.15,0.12,250,,2023-09-21
ASRock,CL27FFAE,CL27FFBE,A27FF********|CL27FF********|PG27FF********,27,1920,1080,IPS LCD,12.42,0.13,0.13,300,,2026-07-02
ASRock,CL27FFB,CL27FFB,A27FF*********|CL27FFA|CL27FF|CL27FF*********,27,1920,1080,IPS LCD,12.44,0.14,0.13,250,,2025-06-17
ASRock,CL27FFBE,CL27FFAE,A27FF********|CL27FF********|PG27FF********,27,1920,1080,IPS LCD,12.58,0.14,0.12,300,,2026-07-02
ASRock,PG25FFT,PG25FFT,A25FF*********|CL25FFA|CL25FF*********|PG25FF*********,24.5,1920,1080,IPS LCD,13.46,0.15,0.14,250,,2024-08-02
ASUS,BE248CFN,BE248CFN,BE248CFN-J|BE248CFN-P|BE248CFN-R|BE248CFN-W|BE248CFNY|BE248CFNZ,24,1920,1200,IPS LCD,14.85,0.19,0.14,350,,2024-06-26
ASUS,BE248QF,BE248QF,BE248QF-J|BE248QF-P|PA248QFV|BE248QF-R|BE248QF-W|BE248QFY|BE248QFZ|PA248QFV-J|PA248QFV-P|PA248QFV-R|PA248QFV-W|PA248QFVY|PA248QFVZ,24,1920,1200,IPS LCD,11.03,0.27,0.24,350,,2025-06-24
ASUS,BE249CGN,BE249CGN-P,BE249CGN-G|BE249CGN-J|BE249CGN-R|BE249CGN-W|BE249CGNY|BE249CGNZ,23.8,1920,1080,TFT LCD,14.83,0.89,0.26,350,,2025-07-24
ASUS,BE249QFK,BE249QFK,BE249QFKY|BE249QFKZ|BE249QFK-P|BE249QFK-W|BE249QFK-J|BE249QFK-R|BE249QFK-E,23.8,1920,1080,IPS LCD,10,0.21,0.21,250,,2024-06-26
ASUS,BE249QG-R,BE249QG-R,BE249QG-P|BE249QG-RY|BE249QG-RZ|BE249QG-W,23.8,1920,1080,IPS LCD,12.02,0.54,0.08,350,,2025-12-16
ASUS,"BE24E, BE24EQSB, BE24EQSB-P, BE24EQSB-J, BE24EQSB-W, BE24EQSB-G, BE24EQSBZ, BE24EQSBY, C624EQS, C624EQS-P, C624EQS-J, C624EQS-W, C624EQS-G, C624EQSZ, C624EQSY, BE24EQK, BE24EQK-P, BE24EQK-J, BE24EQK-W, BE24EQK-G, BE24EQKY","BE24EQSB, BE24EQSB-P, BE24EQSB-J, BE24EQSB-W, BE24EQSB-G, BE24EQSBZ, BE24EQSBY, C624EQS, C624EQS-P, C624EQS-J, C624EQS-W, C624EQS-G, C624EQSZ, C624EQSY, BE24EQK, BE24EQK-P, BE24EQK-J, BE24EQK-W, BE24EQK-G, BE24EQKY",BE24E|BE24EQSB|BE24EQSB-P|BE24EQSB-J|BE24EQSB-W|BE24EQSB-G|BE24EQSBZ|BE24EQSBY|C624EQS|C624EQS-P|C624EQS-J|C624EQS-W|C624EQS-G|C624EQSZ|C624EQSY|BE24EQK|BE24EQK-P|BE24EQK-J|BE24EQK-W|BE24EQK-G|BE24EQKY|BE24EQKZ|C424EQK|C424EQK-P|C424EQK-J|C424EQK-W|C424EQK-G|C424EQKY|C424EQKZ|BE24EQSK|BE24EQSK-P|BE24EQSK-J|BE24EQSK-W|BE24EQSK-G|BE24EQSKY|BE24EQSKZ|C624EQSK|C624EQSK-P|C624EQSK-J|C624EQSK-W|C624EQSK-G|C624EQSKY|C624EQSKZ|C424E|C624E,23.8,1920,1080,IPS LCD,11.2,0.3,0.3,250,,2022-07-21
ASUS,BE24ECSBT,BE24ECSBT,BE24ECSBT-P|BE24ECSBT-J|BE24ECSBT-W|BE24ECSBT-G|BE24ECSBTY|BE24ECSBTZ|BE24ECSBTR|BE24ECSBTE|C624ECSBT|C624ECSBT-P|C624ECSBT-J|C624ECSBT-W|C624ECSBT-G|C624ECSBTY|C624ECSBTZ|C624ECSBTR|C624ECSBTE,23.8,1920,1080,IPS LCD,13.2,0.23,0.13,300,,2022-09-01
ASUS,BE24ECSNK,BE24ECSNK,BE24ECSNK-P|BE24ECSNK-J|BE24ECSNK-W|BE24ECSNK-G|BE24ECSNKY|BE24ECSNKZ|C624ECNK|C624ECNK-P|C624ECNK-J|C624ECNK-W|C624ECNK-G|C624ECNKY|C624ECNKZ,23.8,1920,1080,IPS LCD,13.24,0.19,0.17,250,,2022-01-10
ASUS,BE279QFK,BE279QFK,BE279QFKY|BE279QFKZ|BE279QFK-P|BE279QFK-W|BE279QFK-J|BE279QFK-R|BE279QFK-E,27,1920,1080,IPS LCD,11.6,0.21,0.17,250,,2024-06-27
ASUS,BE279QSK,BE279QSK,BE279QSK-P|BE279QSK-J|BE279QSK-W|BE279QSK-G|BE279QSKY|BE279QSKZ|C6279QSK|C6279QSK-P|C6279QSK-J|C6279QSK-W|C6279QSK-G|C6279QSKY|C6279QSKYZ,27,1920,1080,IPS LCD,12.28,0.31,0.12,250,,2021-01-25
ASUS,BE27ACGN,BE27ACGN,BE27ACGN-J|BE27ACGN-P|BE27ACGN-R|BE27ACGN-W|BE27ACGNY|BE27ACGNZ,27,2560,1440,AHVA,18.15,0.44,0.23,350,,2025-04-11
ASUS,BE27ACGNK,BE27ACGNK,BE27ACGNK-J|BE27ACGNK-P|BE27ACGNK-R|BE27ACGNK-W|BE27ACGNKY|BE27ACGNKZ,27,2560,1440,IPS LCD,20.3,0.24,0.18,350,DisplayHDR 400,2026-07-08
ASUS,BE27ACSBK,BE27ACSBK,BE27ACSBK-P|BE27ACSBK-J|BE27ACSBK-W|BE27ACSBK-G|BE27ACSBKY|BE27ACSBKZ|C627ACK|C627ACK-P|C627ACK-J|C627ACK-W|C627ACK-G|C627ACKY|C627ACKZ,27,2560,1440,IPS LCD,19.23,0.21,0.1,250,,2021-08-20
ASUS,BE27AQ,BE27AQ-P,BE27AQ-J|BE27AQ-R|BE27AQ-W|BE27AQY|BE27AQZ,27,2560,1440,ADS,18.36,0.25,0.2,350,,2025-09-10
ASUS,BE27AQG,BE27AQG,BE27AQG-J|BE27AQG-P|BE27AQG-R|BE27AQG-W|BE27AQGY|BE27AQGZ|PA278QGV-J|PA278QGV-P|PA278QGV|PA278QGV-R|PA278QGV-W|PA278QGVY|PA278QGVZ|PA278QV2,27,2560,1440,AHVA,16.94,0.28,0.19,350,,2025-03-27
ASUS,BE34WCGNK,BE34WCGNK-P,BE34WCGNK-J|BE34WCGNK-R|BE34WCGNK-W|BE34WCGNKY|BE34WCGNKZ,34,3440,1440,VA LCD,26.44,0.21,0.15,400,,2026-07-30
ASUS,C624A,C624AQ,C624AQ-P|C624AQ-J|C624AQ-W|C624AQ-G|C624AQY|C624AQZ|C624AQH|C624AQH-P|C624AQH-J|C624AQH-W|C624AQH-G|C624AQHY|C624AQHZ|BE249,23.8,1920,1080,IPS LCD,11.5,0.2,0.2,250,,2019-12-02
ASUS,C6279,C6279C,C6279C-P|C6279C-J|C6279C-G|C6279C-W|BE279CLB|BE279CLB-P|BE279CLB-J|BE279CLB-G|BE279CLB-W|BE279CLB-Y|BE279CLB-Z|C6279C-Y|C6279C-Z|BE279,27,1920,1080,IPS LCD,16.9,0.1,0.1,250,,2020-03-06
ASUS,HA2441A,HA2441A,HA2441A-E|HA2441A-J|HA2441A-P|HA2441A-R|HA2441A-W|HA2441AY|HA2441AZ|MH2441A|MH2441A-E|MH2441A-J|MH2441A-P|MH2441A-R|MH2441A-W|MH2441AY|MH2441AZ,23.8,2560,1440,IPS LCD,13.7,0.27,0.24,300,,2023-12-05
ASUS,HA2741A,HA2741A,HA2741A-E|HA2741A-J|HA2741A-P|HA2741A-R|HA2741A-W|HA2741AY|HA2741AZ|MH2741A|MH2741A-E|MH2741A-J|MH2741A-P|MH2741A-R|MH2741A-W|MH2741AY|MH2741AZ,27,2560,1440,IPS LCD,12.6,0.27,0.23,350,,2023-12-01
ASUS,MB14A,MB14AHD,,14,1920,1080,TFT LCD,8.21,0.43,0.27,220,,2022-03-08
ASUS,MB14AC,MB14A,,14,1080,1920,TFT LCD,4.8,0.13,0.03,250,,2020-06-07
ASUS,MB14FCD,MB14FCD,MB14FCDE|MB14FCD-G|MB14FCD-J|MB14FCD-P|MB14FCDR|MB14FCD-W|MB14FCDY|MB14FCDZ|MMB14FCDV,14,1920,1200,IPS LCD,11.79,0.32,0.25,350,,2026-02-12
ASUS,MB165,MB165B,,15.6,1366,768,TFT LCD,4.88,0.27,0.09,220,,2021-04-26
ASUS,MB166,MB166B,,15.6,1920,1080,TFT LCD,5,0.08,0.12,250,,2022-06-07
ASUS,MB166,MB166C,MB166CR,15.6,1920,1080,TFT LCD,5.51,0.36,0.35,220,,2021-08-16
ASUS,MB169CK,MB169CK-P,,15.6,1920,1080,IPS LCD,8.05,0.23,0.21,250,,2024-11-18
ASUS,MB16A,MB16ACV,MB16ACV-W|MB16ACV-P|MB16ACV-J|MB16ACV-G|MB16ACVR|MB16ACVY|MB16ACVE,15.5,1920,1080,IPS LCD,6.64,0.12,0.1,250,,2020-11-10
ASUS,MB16A,MB16AH,,15.6,1920,1080,TFT LCD,6.55,0.27,0.26,250,,2020-07-22
ASUS,MB16A,MB16AHT,,15.6,1920,1080,TFT LCD,9.88,0.15,0.09,250,,2022-08-02
ASUS,MB16AHV,MB16AHV,MB16AH****,15.6,1920,1080,IPS LCD,6.61,0.16,0.06,250,,2025-03-25
ASUS,MB16AHV,MB16AHV,MB16AH****,15.6,1920,1080,TN LCD,6.39,0.16,0.15,235,,2024-06-24
ASUS,MB16AHV,MB16AHV,MB16AHVY|MB16AHVR|MB16AHVZ|MB16AHV-P|MB16AHV-W|MB16AHV-J|MB16AHVE,15.5,1920,1080,IPS LCD,7,0.26,0.22,250,,2023-06-29
ASUS,MB16AHVE,MB16AHVE,MB16AHVEG|MB16AHVE-J|MB16AHVEM|MB16AHVEN|MB16AHVE-P|MB16AHVE-R|MB16AHVER|MB16AHVEV|MB16AHVE-W|MB16AHVE-Y|MB16AHVEY|MB16AHVEZ,15.6,1920,1080,IPS LCD,5.78,0.21,0.2,300,,2026-04-02
ASUS,MB16FC,MB16FC,MB16FCE|MB16FCG|MB16FC-J|MB16FCM|MB16FCN|MB16FC-P|MB16FC-R|MB16FCR|MB16FCV|MB16FC-W|MB16FC-Y|MB16FCY|MB16FCZ,16,1920,1200,IPS LCD,5.5,0.17,0.12,300,,2025-09-10
ASUS,MB16NCG,MB16NCG,MB16NCGE|MB16NCG-J|MB16NCGM|MB16NCGN|MB16NCG-P|MB16NCG-R|MB16NCGR|MB16NCGV|MB16NCG-W|MB16NCG-Y|MB16NCGY|MB16NCGZ,16,2560,1600,IPS LCD,6.63,0.17,0.12,400,,2025-09-10
ASUS,MB16Q,MB16QHG,MB16QHG-J|MB16QHG-P|MB16QHG-R|MB16QHG-W|MB16QHGY|MB16QHGZ,16,2560,1600,TFT LCD,10.37,0.73,0.37,500,,2023-04-04
ASUS,MB229,MB229,MB229CFE|MB229CF-G|MB229CF-J|MB229CF|MB229CF-P|MB229CFR|MB229CF-W|MB229CFY|MB229CFZ,21.5,1920,1080,IPS LCD,11.88,0.29,0.24,234.5,,2023-11-13
ASUS,MB249,MB249C,MB249CE-J|MB249CE|MB249CE-P|MB249CER|MB249CE-W|MB249C-J|MB249C-P|MB249CR|MB249C-W,23.8,1920,1080,TFT LCD,13.4,0.29,0.22,250,,2022-11-15
ASUS,MB27A,MB27A,MB27A*******,27,2560,1440,IPS LCD,16.26,0.28,0.23,300,,2024-11-12
ASUS,MH3281A,MH3281A,HA3281A-E|HA3281A|HA3281A-J|HA3281A-P|HA3281A-R|HA3281A-W|HA3281AY|HA3281AZ|MH3281A-E|MH3281A-J|MH3281A-P|MH3281A-R|MH3281A-W|MH3281AY|MH3281AZ,31.5,3840,2160,OLED,26.45,0.01,0.01,250,,2023-10-30
ASUS,MQ13A,MQ13A,MQ13AHE|MQ13AH-J|MQ13AH|MQ13AHPE|MQ13AHP|MQ13AHPR|MQ13AHR|MQ13AHTE|MQ13AHT|MQ13AHTR,13.3,1920,1080,OLED,4.64,0.48,0.36,400,,2021-08-27
ASUS,MQ149CD,MQ149CD,MQ149******,28,1920,1200,OLED,8.44,0.25,0.09,400,,2025-04-14
ASUS,MQ149CD,MQ149CD,MQ149CDE|MQ149CD-J|MQ149CDR|MQ149CDV|MQ149CD-W|MQ149CDY|MQ149CDZ,28,1920,1200,OLED,8.67,0.18,0.14,350,,2025-02-11
ASUS,MQ14FCDV,MQ14FCDV,MQ149CD|MQ14FCDVE|MQ14FCDV-J|MQ14FCDV-P|MQ14FCDVR|MQ14FCDV-W|MQ14FCDVY|MQ14FCDVZ,14,1920,1200,OLED,7.92,0.24,0.2,330,,2026-07-30
ASUS,MQ16A,MQ16A,MQ16AHE|MQ16AH-J|MQ16AH|MQ16AHPE|MQ16AHP|MQ16AHPR|MQ16AHR|MQ16AHTE|MQ16AHT|MQ16AHTR,15.6,1920,1080,OLED,4.84,0.47,0.26,400,,2022-02-24
ASUS,MQ16AHE,MQ16AHEY,MQ16AHE-J|MQ16AHE-P|MQ16AHE-R|MQ16AHE-W|MQ16AHEZ,15.6,1920,1080,OLED,5.91,0.23,0.22,400,,2024-04-10
ASUS,MQ16FC,MQ16FC,MQ16FCE|MQ16FC-J|MQ16FC-P|MQ16FCR|MQ16FCV|MQ16FC-W|MQ16FCY|MQ16FCZ,16,1920,1200,OLED,4.59,0.21,0.1,300,,2025-12-18
ASUS,MQ17Q,MQ17QH,MQ17QH-J|MQ17QH-P|MQ17QH-R|MQ17QH-W|MQ17QHY|MQ17QHZ,17.3,2560,1920,OLED,10.32,0.38,0.22,350,,2024-02-07
ASUS,MS27UC,MS27UC,MS27*****|MS27UCE|MS27UC-J|MS27UC-P|MS27UCR|MS27UC-W|MS27UCY|MS27UCZ,27,3840,2160,IPS LCD,24.87,1.24,0.09,0,,2024-07-17
ASUS,MS32UC,MS32UC,MS32*****|MS32UCE|MS32UC-J|MS32UC-P|MS32UCR|MS32UC-W|MS32UCY|MS32UCZ,31.5,3840,2160,IPS LCD,29.37,1.26,0.17,350,,2025-03-06
ASUS,PA147,PA147CDV,,14.1,1920,550,TFT LCD,5.05,0.24,0.2,400,,2022-05-18
ASUS,PA148,PA148CTV,,14,1920,1080,TFT LCD,8.17,0.28,0.3,300,,2020-12-10
ASUS,PA169CDV,PA169CDV,PA169CDV-E|PA169CDV-J|PA169CDV-P|PA169CDV-R|PA169CDVY|PA169CDVZ,15.6,3840,2160,IPS LCD,11.72,0.34,0.22,576.1,,2025-12-02
ASUS,PA16USV,PA16USV,PA16USV-P|PA16USV-J|PA16USV-K|PA16USV-R|PA16USV-E|PA16USVY|PA16USVZ,15.6,3840,2160,IPS LCD,12.2,0.1,0,400,,2025-02-13
ASUS,PA247,PA247,PA247CV|PA247CV-P|PA247CV-J|PA247CV-G|PA247CV-W|PA247CVY|PA247CVZ,23.8,1920,1080,IPS LCD,11.07,0.12,0.09,250,,2020-09-11
ASUS,PA248CNV,PA248CNV,PA248CNV-P|PA248CNV-J|PA248CNV-R|PA248CNV-G|PA248CNV-W|PA248CNVY|PA248CNVZ,24.1,1920,1200,IPS LCD,10,0.31,0.14,300,,2022-04-29
ASUS,PA248CRV,PA248CRV,PA248CRV-E|PA248CRV-J|PA248CRV-P|PA248CRV-R|PA248CRV-W|PA248CRVY|PA248CRVZ,24,1920,1200,AHVA LCD,12.35,0.43,0.21,350,,2022-12-06
ASUS,PA248QFV,PA248QV2,,24,1920,1200,IPS LCD,11.03,0.27,0.24,350,,2026-05-12
ASUS,PA248QV,PA248QV,PA248QV-P|PA248QV-J|PA248QV-G|PA248QV-W|PA248QVY|PA248QVZ,24.1,1920,1200,IPS LCD,9.4,0.2,0.1,300,,2020-02-05
ASUS,PA249CGV,PA249CGV,PA249CGV-J|PA249CGV-P|PA249CGV-R|PA249CGV-W|PA249CGVY|PA249CGVZ,23.8,1920,1080,OLED,13.71,0.39,0.24,350,DisplayHDR 400,2026-03-05
ASUS,PA24ACRV,PA24ACRV,PA24ACRV-J|PA24ACRV-P|PA24ACRV-R|PA24ACRV-W|PA24ACRVY|PA24ACRVZ,23.8,2560,1440,IPS LCD,14,0.28,0.24,350,,2023-11-06
ASUS,PA24US,PA24US,PA24US-P|PA24US-J|PA24US-K|PA24US-R|PA24US-E|PA24USY|PA24USZ,23.6,3840,2160,IPS LCD,23.9,0.31,0.24,350,DisplayHDR 600,2023-08-10
ASUS,PA278CFRV,PA278CFRV,PA278CFRV-J|PA278CFRV-P|PA278CFRV-R|PA278CFRV-W|PA278CFRVY|PA278CFRVZ,27,2560,1440,IPS LCD,15.8,0.28,0.25,350,,2024-03-07
ASUS,PA278CGRV,PA278CGRV,PA278CGRV-J|PA278CGRV-P|PA278CGRV-R|PA278CGRV-W|PA278CGRVY|PA278CGRVZ,27,2560,1440,IPS LCD,19.95,0.26,0.19,350,DisplayHDR 400,2025-09-18
ASUS,PA278CGV,PA278CGV,PA278CGVY|PA278CGVZ|PA278CGV-P|PA278CGV-W|PA278CGV-J|PA278CGV-R|PA278CGV-E,27,2560,1440,IPS LCD,19.5,0.23,0.18,350,,2023-03-17
ASUS,PA278CV,PA278CV,PA278CV-P|PA278CV-J|PA278CV-G|PA278CV-W|PA278CVY|PA278CVZ,27,2560,1440,IPS LCD,15.18,0.21,0.1,350,,2020-09-26
ASUS,PA278QV,PA278QV,PA278QV-P|PA278QV-J|PA278QV-G|PA278QV-W|PA278QVY|PA278QVZ,27,2560,1440,IPS LCD,12.5,0.2,0.1,350,,2020-02-05
ASUS,PA279CRV,PA279CRV,PA279CRV-E|PA279CRV-J|PA279CRV-P|PA279CRV-R|PA279CRV-W|PA279CRVY|PA279CRVZ,27,3840,2160,AHVA LCD,26.14,0.21,0.16,350,,2022-12-06
ASUS,PA27DCE,OLED MONITOR,PA27D*******,26.9,3840,2160,OLED,28.37,0.43,0,350,,2023-04-28
ASUS,PA27JCV,PA27JCV,PA27JCV-J|PA27JCV-K|PA27JCV-P|PA27JCV-R|PA27JCV-W|PA27JCVY|PA27JCVZ,27,5120,2880,ADS Panel,31.04,0.59,0.26,400,DisplayHDR 400,2024-08-13
ASUS,PA27UCDMR,PA27UCDMR,PA27UCDMR-J|PA27UCDMR-K|PA27UCDMR-P|PA27UCDMR-R|PA27UCDMRY|PA27UCDMRZ,26.5,3856,2176,OLED,25.3,0.85,0.22,250,,2025-11-26
ASUS,PA27UCGE,PA27UCGE,PA27UCGE-J|PA27UCGE-P|PA27UCGE-W|PA27UCGEY|PA27UCGEZ,27,3840,2160,IPS LCD,24.01,0.27,0.21,400,,2025-03-11
ASUS,PA27USD,PA27USD,PA27USDY|PA27USDZ|PA27USD-P|PA27USD-J|PA27USD-R|PA27USD-W,26.7,3840,2160,OLED,29.1,1.15,0.25,250,,2026-03-06
ASUS,PA328,PA328CGV,,32,2560,1440,TFT LCD,26.4,0.4,0.34,600,DisplayHDR 600,2021-08-22
ASUS,PA328QV,PA328QV,PA328QV-P|PA328QV-J|PA328QV-G|PA328QV-W|PA328QVY|PA328QVZ,31.5,2560,1440,IPS LCD,23.96,0.2,0.13,350,,2021-11-17
ASUS,PA329,PA329CV,,32,3840,2160,TFT LCD,32.29,0.37,0.27,350,,2021-05-24
ASUS,PA329CDV,PA329CDV,PA329CDV-J|PA329CDV-P|PA329CDV-R|PA329CDV-W|PA329CDVY|PA329CDVZ,31.5,3856,2176,OLED,31.13,0.68,0.2,300,DisplayHDR 400,2026-05-27
ASUS,PA329CRV,PA329CRV,PA329CRV-E|PA329CRV-J|PA329CRV-P|PA329CRV-R|PA329CRV-W|PA329CRVY|PA329CRVZ,31.2,3840,2160,PEG,26.22,0.26,0.24,350,,2023-02-02
ASUS,PA32D,OLED MONITOR,PA32D*******,31.5,3840,2160,OLED,28.29,0.41,0.41,250,,2022-11-11
ASUS,PA32KCX,PA32KCX,PA32KCX-J|PA32KCX-P|PA32KCX-W|PA32KCXY|PA32KCXZ,32,7680,4320,AHVA LCD,81.36,0.83,0.26,350,DisplayHDR 1000,2024-12-02
ASUS,PA32QCV,PA32QCV,PA32QCV-J|PA32QCV-K|PA32QCV-P|PA32QCV-R|PA32QCV-W|PA32QCVY|PA32QCVZ,31.5,6016,3384,AHVA,44.49,0.32,0.28,400,,2025-03-27
ASUS,PA32UCDM,PA32UCDM,PA32UCDM-J|PA32UCDM-K|PA32UCDM-P|PA32UCDM-W|PA32UCDMY|PA32UCDMZ,31.5,3840,2160,OLED,31.45,2.38,0.28,250,,2024-12-04
ASUS,PA32UCDMR-K,PA32UCDMR-K,PA32UCDMR|PA32UCDMR-J|PA32UCDMR-P|PA32UCDMR-R|PA32UCDMRY|PA32UCDMRZ,31.6,3856,2176,OLED,27.87,1.6,0.27,250,,2025-10-14
ASUS,PA32UCE,PA32UCE,PA32UCE-J|PA32UCE-P|PA32UCE-W|PA32UCEY|PA32UCEZ,31.5,3840,2160,IPS LCD,25.64,0.26,0.22,400,,2024-09-25
ASUS,PA32UCR,PA32UCR,PA32UCR-G|PA32UCR-J|PA32UCR-W|PA32UCR-K|PA32UCR-P|PA32UCRY|PA32UCRZ,32,3840,2160,IPS LCD,28.92,0.26,0.1,400,DisplayHDR 1000,2021-10-26
ASUS,PA32UCXR,PA32UCXR,PA32UCXR-J|PA32UCXR-P|PA32UCXR-W|PA32UCXRY|PA32UCXRZ,32,3840,2160,AHVA LCD,42.45,1.12,0.39,900,DisplayHDR 1000,2023-08-11
ASUS,PA32USD,PA32USD,PA32USDY|PA32USDZ|PA32USD-P|PA32USD-J|PA32USD-R|PA32USD-W,31.6,3840,2160,OLED,30.1,2.95,0.23,250,,2026-03-16
ASUS,PA348CGV,"PA348CGV, PA348CGV-P, PA348CGV-J, PA348CGV-G, PA348CGV-W, PA348CGVY, PA348CGVZ",PA348CGV-P|PA348CGV-J|PA348CGV-G|PA348CGV-W|PA348CGVY|PA348CGVZ,34.1,3440,1440,IPS LCD,19.36,0.37,0.16,250,DisplayHDR 400,2022-03-16
ASUS,PA34VCNV,PA34VCNV,PA34VCNVY|PA34VCNVZ|PA34VCNV-P|PA34VCNV-W|PA34VCNV-J|PA34VCNV-R,34.1,3440,1440,TN LCD,26.9,0.23,0.18,300,,2023-05-26
ASUS,VA249HG,VA249HG-P,VA249HG-G|VA249HG-J|VA249HG-R|VA249HG-W|VA249HGY|VA249HGZ,23.8,1920,1080,IPS LCD,11.5,0.25,0.19,350,,2024-12-06
ASUS,VA249HG2,VA249HG2,VA249HG2-P|VA249HG2-J|VA249HG2-G|VA249HG2-W|VA249HG2Y|VA249HG2Z|VA249HG2-R|C1241HG2|C1241HG2-P|C1241HG2-J|C1241HG2-G|C1241HG2-W|C1241HG2Y|C1241HG2Z|C1241HG2-R,23.8,1920,1080,IPS LCD,9.5,0.14,0.11,300,,2026-07-01
ASUS,VA249HG3,VA249HG3,VA249HG3-P|VA249HG3-J|VA249HG3-G|VA249HG3-W|VA249HG3Y|VA249HG3Z|VA249HG3-R|C1241HG3|C1241HG3-P|C1241HG3-J|C1241HG3-G|C1241HG3-W|C1241HG3Y|C1241HG3Z|C1241HG3-R,23.8,1920,1080,IPS LCD,8.4,0.14,0.11,300,,2026-07-01
ASUS,VA249QG,VA249QG,VA249QG-P|VA249QG-J|VA249QG-G|VA249QG-W|VA249QGY|VA249QGZ|VA249QG-R|VA249QGSE|VA249QGSE-P|VA249QGSE-J|VA249QGSE-G|VA249QGSE-W|VA249QGSEY|VA249QGSEZ|VA249QGSE-R|C1241QGSE|VB249QG,23.8,1920,1080,IPS LCD,10.3,0.12,0.08,300,,2026-03-12
ASUS,VA249QGS,VA249QGS-P,VA249QGS-G|VA249QGS-J|VA249QGS-R|VA249QGS-TAA|VA249QGS-W|VA249QGSY|VA249QGSZ,23.8,1920,1080,TFT LCD,10.36,0.25,0.2,350,,2024-10-31
ASUS,VA24D,VA24D,VA24DQLB|VA24DQLB-P|VA24DQLB-J|VA24DQLB-G|VA24DQLB-W|VA24DQLBY|VA24DQLBZ|VA24DQSB|VA24DQSB-P|VA24DQSB-J|VA24DQSB-G|VA24DQSB-W|VA24DQSBY|VA24DQSBZ|C1241|C1241Q|C1241Q-P|C1241Q-J|C1241Q-G|C1241Q-W|C1241QY|C1241QZ|C1241QSB|C1241QSB-P|C1241QSB-J|C1241QSB-G|C1241QSB-W|C1241QSBY|C1241QSBZ,23.8,1920,1080,IPS LCD,9.7,0.1,0.1,300,,2024-07-08
ASUS,VA24D,VA24DQY,VA24DQ|VA24DQ-P|VA24DQ-J|VA24DQ-G|VA24DQ-W|VA24DQZ,23.8,1920,1080,IPS LCD,11.03,0.13,0.09,250,,2020-09-18
ASUS,VA24DCP,VA24DCP-P,VA24DCP-J|VA24DCP-G|VA24DCP-W|VA24DCPY|VA24DCPZ,23.8,1920,1080,IPS LCD,13.77,0.22,0.12,250,,2020-12-31
ASUS,VA24DQF,VA24DQF,VA24DQF-P|VA24DQF-J|VA24DQF-G|VA24DQF-W|VA24DQFY|VA24DQFZ|VA24DQF-R|VA24DQFR|VA24DQFR-P|VA24DQFR-J|VA24DQFR-G|VA24DQFR-W|VA24DQFRY|VA24DQFRZ|VA24DQFR-R,23.8,1920,1080,IPS LCD,9.66,0.21,0.08,250,,2024-01-05
ASUS,VA24DQFS,VA24DQFS,VA24DQFS-P|VA24DQFS-J|VA24DQFS-G|VA24DQFS-W|VA24DQFSY|VA24DQFSZ|VA24DQFS-R,23.8,1920,1080,IPS LCD,9.4,0.15,0.1,300,,2024-05-09
ASUS,VA24E,VA24ECPSN,,23.8,1920,1080,TFT LCD,13.89,0.27,0.25,250,,2022-07-07
ASUS,VA24E,VA24EQSB,VA24EQSB-G|VA24EQSB-J|VA24EQSB-P|VA24EQSB-W|VA24EQSBY|VA24EQSBZ,23.8,1080,1920,TFT LCD,14.19,0.26,0.19,369,,2019-08-05
ASUS,VA24EHF,VA24EHF-P,VA24EHF-G|VA24EHF-J|VA24EHF-W|VA24EHFY|VA24EHFZ,23.8,1920,1080,TFT LCD,11.83,0.16,0.11,250,,2023-04-11
ASUS,VA259HGA,VA259HGA-P,VA259HGA-G|VA259HGA-J|VA259HGA-W|VA259HGAY|VA259HGAZ,24.5,1920,1080,IPS LCD,14.24,0.25,0.18,300,,2024-09-26
ASUS,VA279HG,VA279HG,VA279HG-P|VA279HG-J|VA279HG-G|VA279HG-W|VA279HGY|VA279HGZ|VA279HG-R|VA27EHF2,27,1920,1080,IPS LCD,12.9,0.12,0.08,300,,2025-12-05
ASUS,VA279HG2,VA279HG2,VA279HG2-P|VA279HG2-J|VA279HG2-G|VA279HG2-W|VA279HG2Y|VA279HG2Z|VA279HG2-R|C1271HG2|C1271HG2-P|C1271HG2-J|C1271HG2-G|C1271HG2-W|C1271HG2Y|C1271HG2Z|C1271HG2-R,27,1920,1080,IPS LCD,10.2,0.14,0.11,300,,2026-07-01
ASUS,VA279HG3,VA279HG3,VA279HG3-P|VA279HG3-J|VA279HG3-G|VA279HG3-W|VA279HG3Y|VA279HG3Z|VA279HG3-R|C1271HG3|C1271HG3-P|C1271HG3-J|C1271HG3-G|C1271HG3-W|C1271HG3Y|C1271HG3Z|C1271HG3-R,27,1920,1080,IPS LCD,10,0.15,0.12,300,,2026-07-01
ASUS,VA279QG,VA279QG,VA279QG-P|VA279QG-J|VA279QG-G|VA279QG-W|VA279QGY|VA279QGZ|VA279QG-R|VA279QGSE|VA279QGSE-P|VA279QGSE-J|VA279QGSE-G|VA279QGSE-W|VA279QGSEY|VA279QGSEZ|VA279QGSE-R|C1271QGSE|VB279QG,27,1920,1080,IPS LCD,11.5,0.12,0.08,300,,2026-03-12
ASUS,VA279QGS,VA279QGS-P,VA279QGS-G|VA279QGS-J|VA279QGS-R|VA279QGS-TAA|VA279QGS-W|VA279QGSY|VA279QGSZ,27,1920,1080,TFT LCD,11.63,0.28,0.2,350,,2024-11-09
ASUS,VA27A,VA27ACFSN,VA27ACFSN-G|VA27ACFSN-J|VA27ACFSN-P|VA27ACFSN-S|VA27ACFSN-W|VA27ACFSNY|VA27ACFSNZ,27,2560,1440,TFT LCD,19.78,0.57,0.23,350,,2023-06-19
ASUS,VA27AQ,VA27AQ-P,VA27AQ-G|VA27AQ-J|VA27AQ-R|VA27AQSE-G|VA27AQSE|VA27AQSE-J|VA27AQSE-P|VA27AQSE-R|VA27AQSE-W|VA27AQSEY|VA27AQSEZ|VA27AQ-W|VA27AQY|VA27AQZ|VB27AQ,27,2560,1440,TFT LCD,19.26,0.29,0.2,350,,2025-06-30
ASUS,VA27D,VA27DQSB,VA27DQSB-P|VA27DQSB-J|VA27DQSB-G|VA27DQSB-W|VA27DQSBY|VA27DQSBZ|VA27DQ|VA27DQ-P|VA27DQ-J|VA27DQ-G|VA27DQ-W|VA27DQY|VA27DQZ,27,1920,1080,IPS LCD,12.68,0.16,0.09,250,,2021-01-05
ASUS,VA27DCP,VA27DCP,VA27DCP-P|VA27DCP-J|VA27DCP-G|VA27DCP-W|VA27DCPY|VA27DCPZ,27,1920,1080,IPS LCD,14.23,0.31,0.15,250,,2021-02-09
ASUS,VA27DQF,VA27DQF,VA27DQF-P|VA27DQF-J|VA27DQF-G|VA27DQF-W|VA27DQFY|VA27DQFZ|VA27DQF-R|VA27DQFR|VA27DQFR-P|VA27DQFR-J|VA27DQFR-G|VA27DQFR-W|VA27DQFRY|VA27DQFRZ|VA27DQFR-R,27,1920,1080,IPS LCD,10.6,0.08,0.05,250,,2024-01-04
ASUS,VA27DQFS,VA27DQFS,VA27DQFS-P|VA27DQFS-J|VA27DQFS-G|VA27DQFS-W|VA27DQFSY|VA27DQFSZ|VA27DQFS-R,27,1920,1080,IPS LCD,10.2,0.15,0.1,300,,2024-05-09
ASUS,VA27E,VA27ECPSN,,27,1920,1080,TFT LCD,13.53,0.28,0.24,300,,2022-07-15
ASUS,VA27E,VA27EQSB,,27,1080,1920,TFT LCD,14.81,0.21,0.15,250,,2019-09-09
ASUS,VA27EHF,VA27EHF-P,VA27EHF-G|VA27EHF-J|VA27EHF-R|VA27EHF-W|VA27EHFY|VA27EHFZ,27,1920,1080,TFT LCD,14.52,0.16,0.1,250,,2023-04-21
ASUS,VA27U,VA27UQSB,,27,3840,2160,TFT LCD,22.94,0.25,0.13,350,,2025-05-15
ASUS,VA27U,VA27UQSB,VA27UQSB-G|VA27UQSB-J|VA27UQSB-P|VA27UQSB-S|VA27UQSB-W|VA27UQSBY|VA27UQSBZ,27,3840,2160,TFT LCD,23.24,0.29,0.23,350,,2024-02-06
ASUS,VA27UCPS,VA27UCPS-P,VA27UCPS-G|VA27UCPS-J|VA27UCPS-R|VA27UCPS-W|VA27UCPSY|VA27UCPSZ,27,3840,2160,TFT LCD,22.57,0.45,0.22,350,,2024-06-26
ASUS,VA329HE,VA329HE,,31.5,1920,1080,TN LCD,17.56,0.11,0.1,502.7,,2021-09-28
ASUS,VA329QG3,VA329QG3,VA329QG3-G|VA329QG3-J|VA329QG3-P|VA329QG3-R|VA329QG3-W|VA329QG3Y|VA329QG3Z,31.5,1920,1080,VA LCD,15.46,0.18,0.15,300,,2026-07-02
ASUS,"VA32UQSB, VA32UQSB-P, VA32UQSB-J, VA32UQSB-G, VA32UQSB-W, VA32UQSB-R, VA32UQSB-E, VA32UQSBY, VA32UQSBZ",VA32U,VA32UQSB|VA32UQSB-P|VA32UQSB-J|VA32UQSB-G|VA32UQSB-W|VA32UQSB-R|VA32UQSB-E|VA32UQSBY|VA32UQSBZ,31.5,3840,2160,IPS LCD,26.89,0.18,0.14,250,,2026-05-26
ASUS,VA34V,VA34VCPSN,,34,3440,1440,TFT LCD,28.5,0.37,0.28,300,,2023-01-09
ASUS,VA34VCPSR,VA34VCPSR-P,VA34VCPSR-G|VA34VCPSR-J|VA34VCPSR-R|VA34VCPSR-W|VA34VCPSRY|VA34VCPSRZ,34,3440,1440,TFT LCD,31.49,0.5,0.21,300,,2024-08-02
ASUS,VG27AQML1A,VG27AQML1A,VG27AQML1AY|VG27AQML1AZ|VG27AQML1A-P|VG27AQML1A-W|VG27AQML1A-J|VG27AQML1A-R|VG27AQML1A-E|VG27AQML1A-G,27,2560,1440,IPS LCD,14.5,0.23,0.12,400,,2023-03-17
ASUS,VG34VL1A,VG34VL1A,VG34xxxxxxxx,34,3440,1440,VA LCD,29.2,0.23,0.08,300,,2022-09-13
ASUS,VP227,VP227HE,,21.5,1920,1080,TFT LCD,13.09,0.14,0.13,250,,2022-04-01
ASUS,VP227HF,VP227HF,C2222HF|C2222HF-E|C2222HF-J|C2222HF-P|C2222HF-R|C2222HF-W|C2222HFY|C2222HFZ|VP227HF-E|VP227HF-J|VP227HF-P|VP227HF-R|VP227HF-W|VP227HFY|VP227HFZ,21.5,1920,1080,VA LCD,12.02,0.14,0.1,250,,2025-05-19
ASUS,VP228,VP228QG,VP228HE,21.5,1920,1080,TFT LCD,11.01,0.22,0.17,200,,2020-05-29
ASUS,VP229,VP229QF,VP229Q2|VP229QFE|VP229QF-G|VP229QF-J|VP229QF-P|VP229QF-R|VP229QF-W|VP229QFY|VP229QFZ,21.5,1920,1080,IPS LCD,9.66,0.11,0.1,250,,2025-03-13
ASUS,VP229HF,VP229HF,C2221HF|C2221HF-J|C2221HF-P|C2221HF-R|C2221HF-W|C2221HFY|C2221HFZ|VP229HF-E|VP229HF-J|VP229HF-P|VP229HF-R|VP229HF-W|VP229HFY|VP229HFZ,21.5,1920,1080,IPS LCD,10.78,0.15,0.14,303,,2024-08-15
ASUS,VP229Q,VP229Q,VP229QE|VP229QR|VP229Q-J|VP229Q-W|VP229Q-G|VP229Q-P|VP229Q-V|VP229QY|VP229QZ|C2221Q|C2221QE|C2221QR|C2221Q-J|C2221Q-W|C2221Q-G|C2221Q-P|C2221Q-V|C2221QY|C2221QZ,21.5,1920,1080,IPS LCD,9.52,0.13,0.08,250,,2020-07-29
ASUS,VP299,VP299CL,,29,2560,1080,TFT LCD,17.29,0.48,0.21,350,,2021-05-20
ASUS,VP327Q,VP327Q,VP327Q-E|VP327Q-J|VP327Q-P|VP327Q-R|VP327Q******|VP327Q-W|VP327QY|VP327QZ,31.5,3840,2160,IPS LCD,24.72,0.11,0.09,250,,2025-04-24
ASUS,VT168,VT168HR,,15.6,1366,768,TFT LCD,6.05,0.26,0.18,220,,2021-09-28
ASUS,VT169,VT169HE-P,VT169HE-G|VT169HE-J|VT169HE-R|VT169HE|VT169HE-W|VT169HEY|VT169HEZ,15.6,1920,1080,TFT LCD,6.26,0.24,0.19,220,,2024-02-20
ASUS,VU249,VU249CFE,VU249CFE-B|VU249CFE-G|VU249CFE-M|VU249CFE-P|VU249CFE-W|VU249CFEY|VU249CFEZ,23.8,1920,1080,AAS LCD,9.91,0.15,0.12,250,,2023-07-25
ASUS,VU249H,VU249HFI,VU249HFI-B|VU249HFI-G|VU249HFI-M|VU249HFI-P|VU249HFI-W|VU249HFIY|VU249HFIZ,23.8,1920,1080,AAS Panel,9.21,0.14,0.11,300,,2024-07-29
ASUS,VU279,VU279CFE,VU279CFE-B|VU279CFE-G|VU279CFE-M|VU279CFE-P|VU279CFE-W|VU279CFEY|VU279CFEZ,27,1920,1080,AAS LCD,14.4,0.27,0.12,300,,2023-09-11
ASUS,VU279H,VU279HFI,VU279HFI-B|VU279HFI-G|VU279HFI-M|VU279HFI-P|VU279HFI-W|VU279HFIY|VU279HFIZ,27,1920,1080,AAS Panel,10.28,0.13,0.11,300,,2024-07-29
ASUS,VU34WCIP,VU34WCIP,VU34WCIP-B|VU34WCIP-G|VU34WCIP-M|VU34WCIP-P|VU34WCIP-W|VU34WCIPY|VU34WCIPZ,34,3440,1440,VA LCD,25.6,0.34,0.22,300,,2024-11-25
ASUS,VY229,VY229HE,C2223HE-G|C2223HE-J|C2223HE-P|C2223HE-R|C2223HE|C2223HE-W|C2223HEY|C2223HEZ|C2223|VY229HE-G|VY229HE-J|VY229HE-P|VY229HE-R|VY229HE-W|VY229HEY|VY229HEZ,21.5,1920,1080,TFT LCD,11.39,0.16,0.1,250,,2023-04-14
ASUS,VY229,VY229HF-P,VY229HF-G|VY229HF-J|VY229HF-R|VY229HF|VY229HF-W|VY229HFY|VY229HFZ,21.5,1920,1080,TFT LCD,12.69,0.15,0.1,250,,2024-02-22
ASUS,VY229,VY229Q,VY229Q-G|VY229Q-J|VY229Q-P|VY229Q-R|VY229Q-W|VY229QY|VY229QZ,21.5,1920,1080,TFT LCD,13.43,0.17,0.12,250,,2023-06-06
ASUS,VY249,VY249,VY249HF|VY249HF-P|VY249HF-J|VY249HF-G|VY249HF-W|VY249HFY|VY249HFZ|VY249HF-R,23.8,1920,1080,IPS LCD,11.35,0.15,0.14,250,,2023-08-10
ASUS,VY249HG2,VY249HG2,VY249HG2-G|VY249HG2-J|VY249HG2-P|VY249HG2-R|VY249HG2-W|VY249HG2Y|VY249HG2Z,23.8,1920,1080,IPS LCD,10.99,0.14,0.11,300,,2026-06-05
ASUS,VY249HG3,VY249HG3-P,VY249HG3-G|VY249HG3-J|VY249HG3-R|VY249HG3-W|VY249HG3Y|VY249HG3Z,23.8,1920,1080,TFT LCD,9.37,0.32,0.12,300,,2026-07-28
ASUS,VY249HGE,VY249HGE,VY249HGE-P|VY249HGE-J|VY249HGE-G|VY249HGE-W|VY249HGEY|VY249HGEZ,23.8,1920,1080,IPS LCD,13.4,0.16,0.11,350,,2023-01-11
ASUS,VY249HGR,VY249HGR,VY249HGR-G|VY249HGR-J|VY249HGR-P|VY249HGR-R|VY249HGR-W|VY249HGRY|VY249HGRZ,23.8,1920,1080,VA LCD,10.95,0.14,0.14,300,,2026-05-21
ASUS,VY249HGR,VY249HGR,VY249|VY249HGR-G|VY249HGR-J|VY249HGR-P|VY249HGR-R|VY249HGR-W|VY249HGRY|VY249HGRZ,23.8,1920,1080,IPS LCD,11.48,0.1,0.07,250,,2025-06-04
ASUS,VY249HGR,VY249HGR,VY249|VY249HGR-P|VY249HGR-J|VY249HGR-G|VY249HGR-W|VY249HGRY|VY249HGRZ|VY249HGR-R,23.8,1920,1080,IPS LCD,12.21,0.12,0.09,250,,2024-08-27
ASUS,VY249HGR,VY249HGR-P,VY249HGR-G|VY249HGR-J|VY249HGR-R|VY249HGR-W|VY249HGRY|VY249HGRZ,23.8,1920,1080,TFT LCD,13.31,0.11,0.09,350,,2025-05-15
ASUS,VY279,VY279HF,VY279HF-G|VY279HF-J|VY279HF-P|VY279HF-R|VY279HF-W|VY279HFY|VY279HFZ,27,1920,1080,TFT LCD,14.69,0.17,0.12,250,,2023-08-24
ASUS,VY279HG3,VY279HG3-P,VY279HG3-G|VY279HG3-J|VY279HG3-R|VY279HG3-W|VY279HG3Y|VY279HG3Z,27,1920,1080,TFT LCD,11.77,0.36,0.12,300,,2026-07-28
ASUS,VY279HGE,VY279HGE,VY279HGE-P|VY279HGE-J|VY279HGE-G|VY279HGE-W|VY279HGEY|VY279HGEZ,27,1920,1080,IPS LCD,15.5,0.16,0.11,250,,2023-01-11
ASUS,VY279HGR,VY279HGR,VY279HGR-G|VY279HGR-J|VY279HGR-P|VY279HGR-R|VY279HGR-W|VY279HGRY|VY279HGRZ,27,1920,1080,IPS LCD,11.32,0.11,0.07,250,,2025-06-04
ASUS,VY279HGR,VY279HGR,VY279HGR-G|VY279HGR-J|VY279HGR-P|VY279HGR-R|VY279HGR-W|VY279HGRY|VY279HGRZ,27,1920,1080,IPS LCD,13.87,0.13,0.09,258.4,,2024-05-24
ASUS,VY279HGR,VY279HGR-P,VY279HGR-G|VY279HGR-J|VY279HGR-R|VY279HGR-W|VY279HGRY|VY279HGRZ,27,1920,1080,TFT LCD,13.64,0.12,0.1,350,,2025-04-17
ASUS,VY27U,VY27UQ,VY27UQ-G|VY27UQ-J|VY27UQ-P|VY27UQ-R|VY27UQ-W|VY27UQY|VY27UQZ,27,3840,2160,TFT LCD,22.98,0.29,0.22,350,,2024-02-20
ASUS,VZ22E,VZ22EHE,,21.5,1920,1080,IPS LCD,10.59,0.23,0.11,250,,2023-02-13
ASUS,VZ249HG,VZ249HG,VZ249HG-G|VZ249HG-J|VZ249HG-P|VZ249HG-R|VZ249HG-W|VZ249HGY|VZ249HGZ,23.8,1920,1080,IPS LCD,12.99,0.15,0.1,250,,2025-06-18
ASUS,VZ249HG,VZ249HG,VZ249HG-G|VZ249HG-J|VZ249HG-P|VZ249HG-R|VZ249HG-W|VZ249HGY|VZ249HGZ,23.8,1920,1080,VA LCD,10.87,0.12,0.09,250,,2026-04-13
ASUS,VZ24E,VZ24EHE,VZ24EHF-G|VZ24EHF-J|VZ24EHF-P|VZ24EHF-R|VZ24EHF|VZ24EHF-W|VZ24EHFY|VZ24EHFZ,23.8,1920,1080,TFT LCD,12.59,0.2,0.17,250,,2021-06-08
ASUS,VZ279HG,VZ279HG,VZ279HG-G|VZ279HG-J|VZ279HG-P|VZ279HG-R|VZ279HG-W|VZ279HGY|VZ279HGZ,27,1920,1080,IPS LCD,13.67,0.15,0.1,250,,2025-06-18
ASUS,VZ279HG,VZ279HG,VZ279HG-G|VZ279HG-J|VZ279HG-P|VZ279HG-R|VZ279HG-W|VZ279HGY|VZ279HGZ,27,1920,1080,VA LCD,11.29,0.12,0.1,250,,2026-04-13
ASUS,VZ27E,VZ27EHE,VZ27EHF-G|VZ27EHF-J|VZ27EHF-P|VZ27EHF-R|VZ27EHF|VZ27EHF-W|VZ27EHFY|VZ27EHFZ,27,1920,1080,TFT LCD,13.77,0.18,0.13,250,,2021-05-21
ASUS,XG259CMS,XG259CMS,XG259CMS-P|XG259CMS-J|XG259CMS-G|XG259CMS-W|XG259CMS-R|XG259CMSY|XG259CMSZ|XG259CMS-E,24.5,1920,1080,IPS LCD,13.3,0.19,0.15,400,,2024-01-25
ASUS,XG27A,XG27AQMR,XG27AQMR-E|XG27AQMR-G|XG27AQMR-J|XG27AQMR-P|XG27AQMR-R|XG27AQMR-W|XG27AQMRY|XG27AQMRZ,27,2560,1440,TFT LCD,18.03,0.56,0.35,350,DisplayHDR 600,2023-02-03
ASUS,XG27WCMS,XG27WCMS,XG27WCMSY|XG27WCMSZ|XG27WCMS-P|XG27WCMS-J|XG27WCMS-E|XG27WCMS-R|XG27WCMS-W|XG27WCMS-G,27,2560,1440,IPS LCD,20.7,0.26,0.22,400,DisplayHDR 400,2024-04-12
ASUS,XG27WCS,XG27WCS,XG27WCSY|XG27WCSZ|XG27WCS-P|XG27WCS-W|XG27WCS-J|XG27WCS-R|XG27WCS-G|XG27WCS-E,27,2560,1440,IPS LCD,18.4,0.17,0.12,400,DisplayHDR 400,2024-01-04
ASUS,XG32UCG,XG32UCG-P,XG32UCG-E|XG32UCG-G|XG32UCG-J|XG32UCG-R|XG32UCG-W|XG32UCGY|XG32UCGZ,31.5,3840,2160,IPS LCD,26.9,0.29,0.24,350,,2025-03-19
ASUS,XG49W,XG49WCR,XG49WCR-E|XG49WCR-G|XG49WCR-J|XG49WCR-P|XG49WCR-R|XG49WCR-W|XG49WCRY|XG49WCRZ,49,5120,1440,TFT LCD,42.22,0.65,0.2,450,,2023-03-28
AYY,"A156K2H, A**-##, A**-###, A##*#*, A##***, A**-###***, A###*#*, A-**, A**-***, A**-****, A###*#*#*, * stands for letters(a-z&A-Z), # stands for number (0-9) # can be 0-9, * can be (a-z & A-Z).",LED MONITOR,A156K2H,15.6,1920,1080,IPS LCD,5.39,0.28,0.22,298.5,,2025-02-14
BenQ,BL2581T-B,BL2581T,BL2581TE,24.9,1920,1200,IPS LCD,12.9,0.2,0.2,300,,2019-10-24
BenQ,EW2790U-L,EW2790U,,27,3840,2160,IPS LCD,24.84,0.33,0.19,350,,2025-07-23
BenQ,GL2480-B,GL2480,GL2480E|BL2483|BL2483T|BL2483TE,24,1920,1080,TN LCD,11.1,0.2,0.1,250,,2019-10-28
BenQ,GL2780-B,GL2780,GL2780E|BL2783|BL2783E,27,1920,1080,TN LCD,13.8,0.1,0.1,300,,2020-01-06
BenQ,GW2280-B,GW2283,GW2283E|BL2283,21.5,1920,1080,IPS LCD,10.1,0.1,0.1,300,,2023-04-13
BenQ,GW2280-T,GW2283,BL2283|GW2283E,21.5,1080,1920,TFT LCD,12.99,0.29,0.25,250,,2019-12-16
BenQ,GW2291-M,GW2291,BL2291,21.5,1920,1080,IPS LCD,12.28,0.14,0.12,250,,2025-12-17
BenQ,GW2480-B,GW2480,GW2480E|BL2480,23.8,1920,1080,IPS LCD,10.2,0.2,0.1,250,,2019-11-19
BenQ,GW2480-B,GW2480,GW2480E|BL2480|GW2480L|GW2480EL|BL2480L,23.8,1920,1080,IPS LCD,10,0.2,0.1,250,,2022-05-06
BenQ,GW2485-B,GW2485TC,BL2485TC|GW2485TE,23.8,1920,1080,IPS LCD,14.29,0.36,0.28,350,,2021-07-16
BenQ,GW2486-B,GW2486TC,BL2486TC,23.8,1920,1080,IPS LCD,13.8,0.3,0.2,250,,2024-04-29
BenQ,GW2490-B,GW2490,GW2490E|BL2490|GW2490T|BL2490T,23.8,1920,1080,IPS LCD,10.7,0.21,0.15,250,,2023-12-05
BenQ,GW2490-L,GW2490,BL2490|BL2490T|GW2490E|GW2490T,23.8,1920,1080,TFT LCD,14.52,0.21,0.18,250,,2023-12-07
BenQ,GW2490C-B,GW2490C,GW2490CE|BL2490C|BL2490CE,23.8,1920,1080,IPS LCD,10.4,0.15,0.09,250,,2025-07-15
BenQ,GW2490P-L,GW2490P,BL2490P|BL2491P|GW2490PE|GW2491PE|GW2491P,23.8,1920,1080,TFT LCD,14.03,0.17,0.17,250,,2026-04-30
BenQ,GW2490TC-T,GW2490TC,BL2490TC|BL2490TE|GW2490TE,23.8,1920,1080,TFT-LCD,11.54,0.16,0.13,250,,2025-08-11
BenQ,GW2491-L,GW2491,BL2491|BL2491T|GW2491E|GW2491T,23.8,1080,1920,TFT-LCD,12.33,0.19,0.13,250,,2024-09-26
BenQ,GW2780-B,GW2780,GW2780E|BL2780|BL2780T,27,1920,1080,IPS LCD,12.9,0.2,0.1,250,,2019-10-24
BenQ,GW2785-B,GW2785TC,BL2785TC|GW2785TE,27,1920,1080,IPS LCD,16.2,0.28,0.19,300,,2021-07-15
BenQ,GW2786-B,GW2786TC,BL2786TC,27,1920,1080,IPS LCD,15,0.3,0.2,300,,2024-05-29
BenQ,GW2790-B,GW2790,GW2790E|BL2790|GW2790T|BL2790T,27,1920,1080,IPS LCD,14.8,0.2,0.14,300,,2024-01-08
BenQ,GW2790-L,GW2790,BL2790|BL2790T|GW2790E|GW2790T,27,1920,1080,TFT LCD,16.46,0.2,0.18,250,,2023-12-07
BenQ,GW2790-T,GW2790QT,BL2790QT,27,2560,1440,IPS LCD,21.8,0.2,0.19,350,,2022-12-14
BenQ,GW2790C-B,GW2790C,GW2790CE|BL2790C|BL2790CE,27,1920,1080,IPS LCD,9.8,0.15,0.1,300,,2025-07-24
BenQ,GW2790P-L,GW2790P,BL2790P|BL2791P|GW2790PE|GW2791PE|GW2791P,27,1920,1080,TFT LCD,15.77,0.18,0.14,250,,2026-04-30
BenQ,GW2790Q-J,GW2790Q,BL2790Q,27,2560,1440,IPS LCD,16.83,0.23,0.22,350,,2024-08-13
BenQ,GW2790QP-J,GW2790QP,BL2790QP,27,2560,1440,IPS LCD,17.04,0.2,0.18,350,,2026-07-20
BenQ,GW2790TC-T,GW2790TC,BL2790TC|BL2790TE|GW2790TE,27,1920,1080,TFT-LCD,12.05,0.36,0.14,300,,2025-08-05
BenQ,GW2791-L,GW2791,BL2791|BL2791T|GW2791E|GW2791T,27,1080,1920,TFT-LCD,15.86,0.23,0.16,250,,2024-09-26
BenQ,GW3290-T,GW3290QT,BL3290QT,31.5,2560,1440,IPS LCD,23.97,0.3,0.29,350,,2022-12-13
BenQ,MA270S-T,MA270S,,27,5120,2880,TFT LCD,28.4,0.25,0.22,450,,2025-12-03
BenQ,MA270U-B,MA270U,MA270UP,27,3840,2160,IPS LCD,24.2,0.26,0.19,450,,2025-09-03
BenQ,MA320U-B,MA320U,MA320UP,31.5,3840,2160,IPS LCD,27.4,0.29,0.22,550,,2025-09-12
BenQ,MA320UG-T,MA320UG,,31.5,3840,2160,TFT-LCD,27.53,0.21,0.19,450,,2026-01-06
BenQ,PD2700U-B,PD2700U,PD2700UE,27,3840,2160,IPS LCD,20.9,0.3,0.2,350,,2019-11-26
BenQ,PD2705Q-T,PD2705Q,PD2705QE,27,1440,2560,IPS LCD,22.54,0.23,0.2,300,,2020-03-01
BenQ,PD2770U-B,PD2770U,,27,3840,2160,IPS LCD,27.2,0.34,0.16,400,,2025-09-01
BenQ,RD240Q-T,RD240Q,,24,2560,1600,IPS LCD,20.58,0.33,0.29,300,,2024-02-09
BenQ,RD270Q-M,RD270Q,,27,2560,1440,IPS LCD,17.63,0.22,0.16,350,,2026-01-22
BenQ,RD280U-L,RD280U,RD280UA,28.2,3840,2560,IPS LCD,32.36,0.32,0.26,350,,2024-03-26
BenQ,RD280UG-J,RD280UG,,28.2,3840,2560,IPS LCD,28.7,0.22,0.21,350,,2025-10-30
BenQ,RD320U-T,RD320U,RD320UA,31.5,3840,2160,TFT-LCD,29.47,0.25,0.21,400,,2024-08-08
BLOOMBERG,BFP200-27,BFP200-27,,27,3840,2160,IPS LCD,22.29,0.22,0.16,400,,2020-07-30
BLOOMBERG,BFP300-24,BFP300-24,,24,2560,1440,IPS LCD,15.9,0.22,0.13,300,,2024-10-18
CIARA,B24BFH,B24BFH,B24B**,23.8,1920,1080,IPS LCD,12.05,0.52,0.1,300,,2025-08-08
CIARA,P34CUW,P34CUW,P34C**,34,3440,1440,VA LCD,24.08,0.46,0.21,300,,2025-12-18
COMPUMAX,ML2020CM,LED MONITOR,,19.4,1600,900,,9.12,0.12,0.12,120.8,,2021-10-13
COMPUMAX,ML2024CM,LED MONITOR,,24,1920,1080,,12.48,0.12,0.12,104.5,,2021-10-13
COMPUMAX,MLCX22,MLCX22,ML2022CM,21.5,1920,1080,IPS LCD,9.19,0.13,0.11,250,,2025-06-20
COMPUMAX,MLCX24,MLCX24,ML2024CM,23.8,1920,1080,IPS LCD,8.86,0.13,0.11,250,,2025-06-20
CTL,LE22BW,IP2154T,,21.5,1920,1080,TFT LCD,13.36,0.23,0.21,326.4,,2019-10-11
DELL,C2723DEt,C2723DE,,27,2560,1440,IPS LCD,20.45,0.97,0.22,350,,2022-04-28
DELL,C2724DEt,C2724DE,,27,2560,1440,IPS LCD,20.45,0.97,0.22,350,,2022-07-21
DELL,C3424WEt,C3424WE,,34,3440,1440,IPS LCD,28,1.38,0.26,300,,2022-07-21
DELL,E2020Hb,E2020H,,19.5,1600,900,TN LCD,8.4,0.1,0.1,250,,2019-09-19
DELL,E2026Hf,E2026H,,19.5,1600,900,IPS LCD,9.81,0.3,0.3,250,,2026-03-30
DELL,E2026Hf,E2026H,,19.5,1600,900,TN LCD,9.81,0.3,0.3,250,,2025-08-04
DELL,E2026Hf,E2026H,,19.5,1600,900,TN LCD,9.81,0.3,0.3,250,,2025-09-09
DELL,E2225Hf,E2225H,,21.5,1920,1080,VA LCD,12.18,0.14,0.11,250,,2024-04-16
DELL,E2225HM,E2225HMo,,21.5,1920,1080,IPS LCD,10.13,0.13,0.1,250,,2024-10-29
DELL,E2225HMt,E2225HM,,21.5,1920,1080,VA LCD,10.14,0.3,0.11,250,,2024-10-23
DELL,E2225HSf,E2225HS,,21.5,1920,1080,VA LCD,11.36,0.13,0.1,250,,2024-04-16
DELL,E2225HSMf,E2225HSM,,21.5,1920,1080,VA LCD,11.54,0.3,0.3,250,,2024-11-18
DELL,E2225Ht,E2225H,,21.5,1920,1080,VA LCD,10.94,0.17,0.15,250,,2024-02-28
DELL,E2226Hf,E2226H,,21.5,1920,1080,IPS LCD,11.15,0.3,0.3,300,,2026-03-12
DELL,E2226HSf,E2226HS,,21.5,1920,1080,IPS LCD,11.15,0.3,0.3,300,,2026-03-12
DELL,E2226Ht,E2226H,,21.5,1920,1080,IPS LCD,9.81,0.12,0.11,300,,2026-02-12
DELL,E2318HNf,E2318HX,E2318HR,23,1920,1080,IPS LCD,11.99,0.12,0.11,250,,2019-09-12
DELL,E2420Hf,E2420H,,23.8,1920,1080,IPS LCD,11.64,0.11,0.1,250,,2019-10-11
DELL,E2423Hf,E2423H,,23.8,1920,1080,VA LCD,12.96,0.19,0.14,250,,2022-01-20
DELL,E2423HNf,E2423HN,,23.8,1920,1080,VA LCD,12.47,0.18,0.15,250,,2022-01-20
DELL,E2425Hf,E2425H,,23.8,1920,1080,VA LCD,13.38,0.19,0.17,250,,2024-04-16
DELL,E2425HMf,E2425HM,,23.8,1920,1080,IPS LCD,12.1,0.3,0.3,250,,2024-11-18
DELL,E2425HMt,E2425HM,,23.8,1920,1080,IPS LCD,11,0.16,0.14,250,,2024-10-23
DELL,E2425HSf,E2425HS,,23.8,1920,1080,VA LCD,12.57,0.19,0.17,250,,2024-04-16
DELL,E2425HSMf,E2425HSM,,23.8,1920,1080,IPS LCD,11.94,0.3,0.3,250,,2024-11-18
DELL,E2425Ht,E2425H,,23.8,1920,1080,VA LCD,10.55,0.17,0.15,250,,2024-02-29
DELL,E2426H,E2426Ho,,23.8,1920,1080,IPS LCD,13.58,0.19,0.16,300,,2026-03-11
DELL,E2426HBt,E2426HB,,23.8,1920,1080,IPS LCD,12.61,0.28,0.15,300,,2025-11-26
DELL,E2426Hf,E2426H,,23.8,1920,1080,IPS LCD,12.66,0.3,0.3,300,,2026-03-12
DELL,E2426HSf,E2426HS,,23.8,1920,1080,IPS LCD,12.66,0.3,0.3,300,,2026-03-12
DELL,E2725HMc,E2725HM,,27,1920,1080,IPS LCD,14.71,0.27,0.19,300,,2024-11-05
DELL,E2726DSt,E2726DS,,27,2560,1440,IPS LCD,16.63,0.14,0.11,300,,2025-09-03
DELL,E2726HSMt,E2726HSM,,27,1920,1080,IPS LCD,10.8,0.16,0.14,300,,2026-03-03
DELL,E2726HSt,E2726HS,,27,1920,1080,IPS LCD,11.21,0.16,0.14,300,,2025-09-03
DELL,E2726Ht,E2726H,,27,1920,1080,IPS LCD,10.72,0.18,0.15,300,,2026-02-12
DELL,P1424Hf,P1424H,,14,1920,1080,IPS LCD,4.1,0.3,0.22,300,,2021-06-07
DELL,P1425f,P1425,,14,1920,1200,IPS LCD,5.24,0.3,0.3,400,,2024-10-16
DELL,P1917Sc,P1917S,,19,1280,1024,TFT LCD,10.65,0.14,0.12,250,,2019-09-17
DELL,P2222Ht,P2222H,,21.5,1920,1080,IPS LCD,10.6,0.16,0.18,250,,2021-02-02
DELL,P2225Hb,P2225H,,21.5,1920,1080,IPS LCD,9.9,0.1,0.1,250,,2023-11-07
DELL,P2225Hf,P2225H,,21.5,1920,1080,TN LCD,10.07,0.3,0.2,250,,2024-03-11
DELL,P2226H,P2226Ho,,21.5,1920,1080,IPS LCD,10.29,0.18,0.11,300,,2026-05-14
DELL,P2226Hb,P2226H,,21.5,1920,1080,IPS LCD,9.8,0.1,0.1,300,,2025-10-22
DELL,P2424HEBt,P2424HEB,,23.8,1920,1080,IPS LCD,15.26,0.58,0.2,250,,2022-10-11
DELL,P2424HTc,P2424HT,,23.8,1920,1080,TFT LCD,17.63,0.77,0.29,300,,2023-01-17
DELL,P2425b,P2425,,24.1,1920,1200,IPS LCD,12.1,0.1,0.1,300,,2025-03-27
DELL,P2425Dc,P2425D,,23.8,2560,1440,IPS LCD,15.79,0.2,0.11,350,,2024-09-02
DELL,P2425DEc,P2425DE,,23.8,2560,1440,IPS LCD,17.41,0.5,0.23,350,,2024-09-04
DELL,P2425Eb,P2425E,,24.1,1920,1200,IPS LCD,15.1,0.5,0.2,300,,2023-11-07
DELL,P2425Hb,P2425H,,23.8,1920,1080,IPS LCD,10.6,0.1,0.1,250,,2023-11-06
DELL,P2425Hc,P2425H,,23.8,1920,1080,IPS LCD,11.47,0.3,0.25,250,,2023-11-07
DELL,P2425HEb,P2425HE,,23.8,1920,1080,IPS LCD,13,0.5,0.1,250,,2023-10-25
DELL,P2425HEc,P2425HE,,23.8,1920,1080,IPS LCD,15.13,0.46,0.22,250,,2023-11-07
DELL,P2425HEt,P2425HE,,23.8,1920,1080,IPS LCD,12.78,0.45,0.16,250,,2025-03-11
DELL,P2425Ht,P2425H,,23.8,1920,1080,IPS LCD,10.43,0.22,0.14,250,,2025-03-11
DELL,P2426b,P2426,,24.1,1920,1200,IPS LCD,12.8,0.2,0.1,300,,2025-10-22
DELL,P2426Eb,P2426E,,24.1,1920,1200,IPS LCD,14.6,0.7,0.1,300,,2025-10-22
DELL,P2426Hb,P2426H,,23.8,1920,1080,IPS LCD,10.2,0.2,0.1,300,,2025-10-22
DELL,P2426HEb,P2426HE,,23.8,1920,1080,IPS LCD,12.3,0.7,0.1,300,,2025-10-22
DELL,P2426HEBt,P2426HEB,P2426HEV|P2426HEVt,23.8,1920,1080,IPS LCD,14.36,0.41,0.19,300,,2025-10-27
DELL,P2426HEt,P2426HE,,23.8,1920,1080,IPS LCD,13.1,0.5,0.18,300,,2025-11-06
DELL,P2426Ht,P2426H,,23.8,1920,1080,IPS LCD,10.03,0.19,0.08,300,,2025-11-06
DELL,P2724DEBt,P2724DEB,,27,2560,1440,IPS LCD,20.45,0.97,0.22,350,,2022-09-07
DELL,P2725DEf,P2725DE,,27,2560,1440,IPS LCD,19.7,0.49,0.18,350,,2025-03-13
DELL,P2725Df,P2725D,,27,2560,1440,IPS LCD,18.1,0.18,0.11,350,,2025-03-13
DELL,P2725Hb,P2725H,,27,1920,1080,IPS LCD,12.7,0.1,0.1,300,,2025-03-20
DELL,P2725HEt,P2725HE,,27,1920,1080,IPS LCD,16.5,0.6,0.2,300,,2023-11-16
DELL,P2725Ht,P2725H,,27,1920,1080,IPS LCD,12.8,0.2,0.1,300,,2023-11-16
DELL,P2725QEf,P2725QE,,27,3840,2160,IPS LCD,25.58,0.57,0.18,350,,2024-10-21
DELL,P2726DEBt,P2726DEB,P2726DEV,27,2560,1440,IPS LCD,18.94,0.36,0.18,350,,2025-09-03
DELL,P2726HEf,P2726HE,,27,1920,1080,IPS LCD,15.94,0.7,0.3,300,,2025-11-19
DELL,P2726HEt,P2726HE,,27,1920,1080,IPS LCD,14.57,0.5,0.17,300,,2025-11-07
DELL,P2726Hf,P2726H,,27,1920,1080,IPS LCD,14.19,0.3,0.3,300,,2025-11-19
DELL,P2726Ht,P2726H,,27,1920,1080,IPS LCD,11.43,0.19,0.08,300,,2025-11-07
DELL,P3223DEt,P3223DE,,31.5,2560,1440,IPS LCD,23.23,0.58,0.23,350,,2021-10-08
DELL,P3223QEt,P3223QE,,31.5,3840,2160,IPS LCD,23.85,0.47,0.19,350,,2021-12-13
DELL,P3225DEt,P3225DE,,31.5,2560,1440,IPS LCD,20.7,0.48,0.19,350,,2024-09-26
DELL,P3225QEt,P3225QE,,31.5,3840,2160,IPS LCD,25.1,0.65,0.21,350,,2024-09-26
DELL,P3424WEb,P3424WE,,34.1,3440,1440,IPS LCD,27.17,0.53,0.22,300,,2024-02-29
DELL,P3424WEBt,P3424WEB,,34,3440,1440,IPS LCD,28,1.38,0.26,300,,2022-09-07
DELL,P3425WEb,P3425WE,,34.1,3440,1440,IPS LCD,27.4,0.6,0.2,350,,2025-03-20
DELL,P3426WEBt,P3426WEB,P3426WEV,34.1,3440,1440,IPS LCD,29.84,0.4,0.23,350,,2025-09-03
DELL,P4326QEBt,P4326QEB,,42.5,3840,2160,IPS LCD,32.22,1.16,0.21,350,,2026-03-25
DELL,S2319HSt,S2319HS,,23,1920,1080,PLS LCD,11.29,0.14,0.13,250,,2019-08-14
DELL,S2425HSMt,S2425HSM,,23.8,1920,1080,IPS LCD,11.21,0.13,0.09,250,,2025-06-24
DELL,S2425HSMt,S2425HSM,,23.8,1920,1080,IPS LCD,11.21,0.13,0.09,250,,2025-10-27
DELL,S2425Ht,S2425H,S2425HS,23.8,1920,1080,IPS LCD,12.91,0.14,0.11,300,,2023-10-23
DELL,S2719HSt,S2719HS,,27,1920,1080,IPS LCD,12.8,0.17,0.11,300,,2019-08-14
DELL,S2725DCf,S2725DC,,27,2560,1440,IPS LCD,18.5,0.28,0.16,350,,2025-06-23
DELL,S2725DSc,S2725DS,,27,2560,1440,IPS LCD,19.2,0.3,0.3,350,,2023-10-16
DELL,S2725DSMc,S2725DSM,,27,2560,1440,IPS LCD,19.41,0.25,0.22,350,,2025-06-26
DELL,S2725HSMt,S2725HSM,,27,1920,1080,IPS LCD,12.77,0.16,0.09,250,,2025-06-24
DELL,S2725Ht,S2725H,S2725HS,27,1920,1080,IPS LCD,14.89,0.13,0.12,300,,2023-10-23
DELL,S2725QCb,S2725QC,,27,3840,2160,IPS LCD,21,0.2,0.2,350,,2024-09-25
DELL,S2725QSb,S2725QS,,27,3840,2160,IPS LCD,21,0.1,0.1,350,,2024-09-25
DELL,S3225QCc,S3225QC,,31.6,3840,2160,OLED,37.48,0.49,0.29,250,DisplayHDR 400,2025-02-13
DELL,S3225QSc,S3225QS,,31.5,3840,2160,IPS LCD,31,0.3,0.26,300,,2024-10-18
DELL,S3425DWc,S3425DW,,34,3440,1440,TFT LCD,33,0.2,0.2,300,,2024-11-07
DELL,SE2225Hf,SE2225H,,21.5,1920,1080,VA LCD,11.79,0.14,0.1,250,,2024-04-16
DELL,SE2225HM,SE2225HMo,SE2226HXo|SE2226HX,21.5,1920,1080,IPS LCD,10.31,0.08,0.07,250,,2025-12-22
DELL,SE2225HMf,SE2225HM,,21.5,1920,1080,VA LCD,8.5,0.11,0.09,250,,2026-01-07
DELL,SE2425Hf,SE2425H,,23.8,1920,1080,VA LCD,14.01,0.19,0.17,250,,2024-04-16
DELL,SE2425HMf,SE2425HM,,23.8,1920,1080,IPS LCD,12.11,0.3,0.3,250,,2024-11-18
DELL,SE2426H,SE2426Ho,,23.8,1920,1080,IPS LCD,11.32,0.15,0.12,300,,2025-09-11
DELL,SE2426HSf,SE2426HS,,23.8,1920,1080,IPS LCD,12.82,0.3,0.3,300,,2025-12-30
DELL,SE2426HSRf,SE2426HSR,,23.8,1920,1080,IPS LCD,12.82,0.3,0.3,300,,2026-03-20
DELL,SE2725HMc,SE2725HM,,27,1920,1080,IPS LCD,16.12,0.27,0.19,300,,2024-11-07
DELL,SE2726Hc,SE2726H,,27,1920,1080,IPS LCD,13.09,0.29,0.29,300,,2025-09-09
DELL,U2424Hb,U2424H,,23.8,1920,1080,IPS LCD,11.05,0.29,0.14,250,,2023-06-02
DELL,U2424HEb,U2424HE,,24,1920,1080,IPS LCD,13,0.8,0.2,250,,2023-06-13
DELL,U2424Ht,U2424H,,23.8,1920,1080,IPS LCD,11.09,0.3,0.09,250,,2023-06-09
DELL,U2719Dt,U2719D,U2719DS|U2719DX|U2719DSt,27,2560,1440,PLS LCD,18.4,0.34,0.16,350,,2019-08-19
DELL,U2721DEt,U2721DE,,27,2560,1440,IPS LCD,19.24,0.63,0.19,350,,2019-12-18
DELL,U2723QEt,U2723QE,U2723QX,27,3840,2160,IPS LCD,28.32,0.74,0.3,400,,2021-07-14
DELL,U2724Db,U2724D,,27,2560,1440,IPS LCD,17,0.3,0.2,350,,2023-06-13
DELL,U2724DEt,U2724DE,U2726DER|U2726DERt,27,2560,1440,IPS LCD,18.23,1.11,0.22,350,,2026-04-30
DELL,U2724Dt,U2724D,,27,2560,1440,IPS LCD,16.95,0.26,0.13,350,,2023-06-09
DELL,U2725QEt,U2725QE,,27,3840,2160,IPS LCD,25.1,1.34,0.23,350,,2024-10-17
DELL,U3223QEt,U3223QE,,31.5,3840,2160,IPS LCD,29.61,0.5,0.21,400,,2021-07-09
DELL,U3224KBt,U3224KB,,31.5,6144,3456,IPS LCD,53.96,3.1,0.27,450,DisplayHDR 600,2022-11-28
DELL,U3225QEt,U3225QE,,31.5,3840,2160,IPS LCD,30.37,1.28,0.25,350,,2024-10-17
DELL,U3226Qb,U3226Q,,31.5,3840,2160,OLED,30.2,1.8,0.3,300,,2025-07-30
DELL,U3226QERt,U3226QER,,31.5,3840,2160,IPS LCD,30.37,1.28,0.25,350,,2026-05-08
DELL,U3425WEb,U3425WE,U3426WERb|U3426WER,34.1,3440,1440,IPS LCD,29.2,1.6,0.14,300,,2023-08-16
DELL,U3824DWb,U3824DW,,37.5,3840,1600,IPS LCD,31.34,0.68,0.2,300,,2022-06-23
DELL,U4025QWt,U4025QW,,39.7,5120,2160,IPS LCD,44.72,2.67,0.18,450,DisplayHDR 600,2023-09-27
DELL,U4323QEt,U4323QE,,42.5,3840,2160,IPS LCD,37.25,0.68,0.23,300,,2022-01-19
DELL,U4924DWb,U4924DW,,49,5120,1440,IPS LCD,47.66,0.87,0.22,350,,2022-07-05
DELL,U5226KWt,U5226KW,,51.5,6144,2560,IPS LCD,51.18,1.51,0.23,400,,2025-07-08
DELL,UP3218Kt,UP3218K,UP3218KA,31.5,7680,4320,IPS LCD,70.46,0.24,0.17,400,,2019-07-15
EIZO,FlexScan EV2216W,FlexScan EV2216W,,22,1680,1050,TN LCD,12.5,0.74,0.12,250,,2016-06-28
EIZO,FlexScan EV2316W,FlexScan EV2316W,,23,1920,1080,TN LCD,13.52,0.21,0.12,284.7,,2016-06-23
EIZO,FlexScan EV2360,FlexScan EV2360,,22.5,1920,1200,IPS LCD,11.21,0.54,0.25,250,,2019-11-14
EIZO,FlexScan EV2400R,FlexScan EV2400R,,23.8,1920,1080,IPS LCD,6.83,0.16,0.1,350,,2025-10-01
EIZO,FlexScan EV2410R,FlexScan EV2410R,,24.1,1920,1200,IPS LCD,7.73,0.22,0.17,350,,2025-01-31
EIZO,FlexScan EV2430,FlexScan EV2430,,24.1,1920,1200,IPS LCD,11.94,0.21,0.13,398.7,,2018-06-19
EIZO,FlexScan EV2450,FlexScan EV2450,,23.8,1920,1080,IPS LCD,11.69,0.15,0.12,250,,2016-06-23
EIZO,FlexScan EV2451,FlexScan EV2451,,23.8,1920,1080,IPS LCD,14.86,0.24,0.01,250,,2016-10-19
EIZO,FlexScan EV2456,FlexScan EV2456,,24.1,1920,1200,IPS LCD,14.72,0.24,0.01,350,,2016-10-19
EIZO,FlexScan EV2457,FlexScan EV2457,,24.1,1920,1200,IPS LCD,12.98,0.31,0.3,350,,2019-01-23
EIZO,FlexScan EV2460,FlexScan EV2460,,23.8,1920,1080,IPS LCD,10.89,0.28,0.27,250,,2019-10-11
EIZO,FlexScan EV2480,FlexScan EV2480,,23.8,1920,1080,IPS LCD,11.34,0.4,0.25,250,,2020-12-01
EIZO,FlexScan EV2485,FlexScan EV2485,,24.1,1920,1200,IPS LCD,10.89,0.41,0.26,350,,2021-05-24
EIZO,FlexScan EV2490,FlexScan EV2490,,23.8,1920,1080,IPS LCD,9.68,0.35,0.25,250,,2021-10-15
EIZO,FlexScan EV2495,FlexScan EV2495,,24.1,1920,1200,IPS LCD,11.71,0.45,0.26,350,,2020-06-22
EIZO,FlexScan EV2720S,FlexScan EV2720S,,27,2560,1440,IPS LCD,12.97,0.38,0.22,350,,2025-01-30
EIZO,FlexScan EV2740S,FlexScan EV2740S,,27,3840,2160,IPS LCD,11.65,0.27,0.18,350,,2025-06-02
EIZO,FlexScan EV2740X,FlexScan EV2740X,,27,3840,2160,IPS LCD,17,4.9,0.22,350,,2023-01-31
EIZO,FlexScan EV2760,FlexScan EV2760,,27,2560,1440,IPS LCD,16.19,0.37,0.33,350,,2019-12-03
EIZO,FlexScan EV2781,FlexScan EV2781,,27,2560,1440,IPS LCD,15.49,1.19,0.23,350,,2022-02-18
EIZO,FlexScan EV2785,FlexScan EV2785,,27,3840,2160,IPS LCD,27.05,0.23,0.33,350,,2017-10-20
EIZO,FlexScan EV2795,FlexScan EV2795,,27,2560,1440,IPS LCD,15.1,0.46,0.28,350,,2020-07-08
EIZO,FlexScan EV3240X,FlexScan EV3240X,,32,3840,2160,IPS LCD,19,5,0.21,350,,2023-02-21
EIZO,FlexScan EV3285,FlexScan EV3285,,31.5,3840,2160,IPS LCD,34.67,0.7,0.32,350,,2018-07-18
EIZO,FlexScan EV3450XC,FlexScan EV3450XC,,34.1,3440,1440,IPS LCD,24.42,0.45,0.26,300,,2024-04-29
EIZO,FlexScan EV3451X,FlexScan EV3451X,,34.1,3440,1440,IPS LCD,15.6,0.6,0.13,350,,2026-04-30
EIZO,FlexScan EV3851X,FlexScan EV3851X,,37.5,3840,1600,IPS LCD,22.76,0.48,0.13,300,,2026-01-23
EIZO,FlexScan EV3895,FlexScan EV3895,,37.5,3840,1600,IPS LCD,27.73,0.55,0.34,300,,2020-09-10
EIZO,FlexScan EV4340X,FlexScan EV4340X,,42.5,3840,2160,IPS LCD,33.54,0.41,0.25,350,,2024-04-18
EIZO,FlexScan FLT,FlexScan FLT,,23.8,1920,1080,IPS LCD,4.25,0.28,0.19,250,,2024-10-11
EIZO,FlexScan S1734,FlexScan S1734,,17,1280,1024,IPS LCD,5.51,0.14,0.14,293,,2025-08-29
EIZO,FlexScan S1934,FlexScan S1934,,18.9,1280,1024,IPS LCD,9.88,0.11,0.1,250,,2016-06-28
EIZO,FlexScan S2133,FlexScan S2133,,21.3,1600,1200,IPS LCD,12.92,0.13,0.06,420,,2016-06-28
EIZO,FlexScan S2134,FlexScan S2134,,21,1600,1200,IPS LCD,10,0.22,0.2,500,,2023-04-19
ELO,ET1304L,ET1304L,,13.3,1920,1080,IPS LCD,4.49,0.82,0.17,300,,2024-11-28
ELO,ET1304LS,ET1304LS,,13.3,1920,1080,IPS LCD,4.62,0.78,0.1,300,,2024-03-26
ELO,ET1304LSN,ET1304LSN,,13.3,1920,1080,IPS LCD,3.87,0.16,0.11,300,,2026-06-22
ELO,ET1502L,ET1502L,,15.6,768,1366,TFT,7.27,0.77,0.1,220,,2022-05-20
ELO,ET1504L,ET1504L,,15.5,1920,1080,IPS LCD,6.44,0.81,0.16,450,,2024-11-28
ELO,ET1504LS,ET1504LS,,15.5,1920,1080,IPS LCD,5.56,0.34,0.13,350,,2026-06-18
ELO,ET1509L,ET1509L,,15.6,1366,768,TN LCD,6.46,0.82,0.09,0,,2023-07-31
ELO,ET1510L,ET1510L,,15.6,1920,1080,IPS LCD,5.58,0.26,0.23,250,,2025-07-17
ELO,ET1564L,ET1564L,,15.6,1920,1080,IPS LCD,8.83,0.48,0.21,450,,2024-06-28
ELO,ET2270L,ET2270L,,21.5,1920,1080,IPS LCD,12.76,0.47,0.12,250,,2022-08-11
ELO,ET2410L,ET2410L,,23.8,1920,1080,VA LCD,10.8,0.21,0.16,250,,2025-05-09
ELO,ET2470L,ET2470L,,23.8,1920,1080,IPS LCD,14.53,0.44,0.13,250,,2022-08-11
ELO,ET2770L,ET2770L,,27,1920,1080,IPS LCD,15.91,0.49,0.09,300,,2023-03-07
ghia,MG2223,MG2223,MG22**,21.5,1920,1080,TN LCD,12.39,0.09,0.08,300,,2023-12-27
ghia,MG2423,MG2423,MG24**,23.8,1920,1080,TN LCD,12.07,0.23,0.22,250,,2023-12-28
HAILAN,SD40IF-V,SD40IF-V,,23.8,1920,1080,IPS LCD,13.24,0.11,0.09,160,,2024-06-27
Hamlet,HM24JF-VDR,HM24JF-VDR,HM24JF-V,23.8,1920,1080,TFT LED,13.14,0.21,0.18,218.4,,2025-02-21
Hamlet,HM27JF-VDR,HM27JF-VDR,HM27JF-V,27,1920,1080,TFT LED,15,0.2,0.18,283.6,,2025-02-24
Hisense,32DM66GE,32DM66GE,32DM********|32DM66G|32DP********|32GM********,31.5,1920,1080,IPS LCD,20.76,0.46,0,400,,2026-04-02
HKC,MB24N3F,MB24N3F,B2411F|B2412F|B24******|MB24********,23.8,1920,1080,IPS LCD,12.29,0.13,0.11,300,,2025-08-22
HKC,MB24N3Q,MB24N3Q,B2421F|B2422F|B24******|MB24********,23.8,2560,1440,IPS LCD,17.06,0.37,0.28,350,,2025-08-22
HKC,MB27N3F,MB27N3F,B2711F|B27*******|MB27*****|MB27N3FH1,27,1920,1080,IPS LCD,14.22,0.17,0.16,300,,2025-08-28
HKC,MB27N3Q,MB27N3Q,B2721F|B2722F|B27******|MB27**********,27,2560,1440,IPS LCD,16.88,0.29,0.2,350,,2025-08-21
HKC,MB27N3U,MB27N3U,B2741A|MB27*****|B27*******|MB27N3UH1,27,3840,2160,IPS LCD,23.81,0.3,0.22,350,,2025-08-21
HP,322pb,HP 322pb Monitor,,21.5,1920,1080,VA LCD,13.32,0.14,0.11,250,,2026-01-13
HP,327pb,HP 327pb Monitor,,27,1920,1080,IPS LCD,16.42,0.15,0.1,248,,2026-01-21
HP,327pe,HP 327pe,327se,27,1920,1080,IPS LCD,12.82,0.16,0.15,250,,2025-01-15
HP,327qh G2,327qh G2,HSD-0207-Q,27,2560,1440,IPS LCD,16.3,0.24,0.12,300,,2026-05-26
HP,334wp G2,334wp G2,HSD-0208-Q,34,3440,1440,IPS LCD,25.8,0.45,0.2,300,,2026-05-27
HP,514pn,HSD-0195-Q,,14,2560,1600,IPS LCD,5.17,0.41,0.27,400,,2025-05-27
HP,524pf,HP 524pf,HSD-0178-Q,23.8,1920,1080,IPS LCD,11.5,0.18,0.09,350,,2024-03-13
HP,527pq,HP 527pq,HSD-0179-Q,27,2560,1440,IPS LCD,16.5,0.2,0.12,350,,2024-03-13
HP,BCLAA-1803,BCLAA-1803,,16,1366,768,TN LCD,5.17,0.16,0.15,220,,2023-03-27
HP,E22 G5,HP E22 G5,HSD-0146-Q,21.5,1920,1080,IPS LCD,11.57,0.26,0.07,250,,2023-03-23
HP,E24 G4,HP E24 G4 FHD Monitor,,23.8,1920,1080,IPS LCD,11.64,0.2,0.17,250,,2020-01-17
HP,E24 G5,HP E24 G5 FHD Monitor,,23.8,1920,1080,IPS LCD,12.29,0.3,0.1,250,,2022-08-30
HP,E24 G5,HP E24 G5,HSD-0147-Q,23.8,1920,1080,IPS LCD,11.12,0.26,0.07,250,,2023-03-22
HP,E24i G4,HP E24i G4,HSD-0056-Q,24.1,1920,1200,IPS LCD,11.5,0.2,0.1,250,,2020-06-14
HP,E24m G4,HP E24m G4 FHD USB-C Conferencing Monitor,,23.8,1920,1080,IPS LCD,15.9,0.43,0.27,300,,2021-09-06
HP,E24mv G4,HP E24mv G4,,23.8,1920,1080,TFT LCD,13.45,0.44,0.14,250,,2021-03-22
HP,E24t G5,HP E24t G5 FHD Touch Monitor,,23.8,1920,1080,IPS LCD,16.33,0.25,0.17,300,,2022-09-27
HP,E24u G5,HP E24u G5 FHD USB-C Monitor,,23.8,1920,1080,IPS LCD,14.17,0.39,0.34,250,,2022-11-02
HP,E27 G5,HP E27 G5 FHD Monitor,,27,1920,1080,IPS LCD,15.4,0.27,0.2,300,,2022-09-27
HP,E27k G5,HP E27k G5,HSD-0143-Q,27,3840,2160,IPS LCD,22.8,0.46,0.22,350,,2022-09-14
HP,E27m G4,HP E27m G4 QHD USB-C Conferencing Monitor,,27,2560,1440,IPS LCD,21.7,0.41,0.38,300,,2021-09-06
HP,E27u G5,HP E27u G5 QHD USB-C Monitor,,27,2560,1440,IPS LCD,20.49,0.32,0.28,350,,2022-11-02
HP,E32k G5,HP E32k G5,HSD-0145-Q,31.5,3840,2160,IPS LCD,26.6,0.41,0.21,350,,2022-12-15
HP,E34m G4,HP E34m G4 WQHD Curved USB-C Conferencing Monitor,,34,3440,1440,IPS LCD,31.04,0.26,0.25,400,,2021-09-06
HP,E45c G5,HP E45c G5 DQHD Curved Monitor,,44.5,5120,1440,VA LCD,43.6,0.43,0.27,400,,2022-11-11
HP,Engage 14,Engage 14,HSD-0085-Q,14,1920,1080,IPS LCD,5.76,0.19,0.09,400,,2020-11-20
HP,Engage 14t,Engage 14t,HSD-0085-Q,14,1920,1080,IPS LCD,6.29,0.19,0.09,400,,2020-11-20
HP,Engage 15t,HP Engage 15t XGA No Stand Monitor,,15,1024,768,TFT LCD,6.26,0.39,0.29,300,,2022-07-04
HP,Engage 16t MSR,HSD-0087-Q,,15.5,1920,1080,AHVA,8.6,0.22,0.13,400,,2021-03-19
HP,HP 322pe,HP 322pe,HSD-0185-V,21.5,1920,1080,TN LCD,11.87,0.12,0.11,250,,2024-08-27
HP,HP 324pb,324pb,,23.8,1920,1080,IPS LCD,12.32,0.11,0.1,250,,2024-11-01
HP,HP 324pe,HP Series 3 Pro 324pe,HSD-0188-W,23.8,1920,1080,IPS LCD,13.14,0.14,0.13,250,,2025-07-08
HP,HP 324ph,HP Series 3 Pro 23.8 inch FHD Monitor – 324ph,,23.8,1920,1080,IPS LCD,13.9,0.16,0.1,250,,2025-02-11
HP,HP 327pf,HP Series 3 Pro 27 inch FHD Monitor - 327pf,,27,1920,1080,HFS LCD,15.3,0.13,0.1,300,,2024-12-24
HP,HP 327ph,HP Series 3 Pro 27 inch FHD Monitor – 327ph,,27,1920,1080,IPS LCD,15.3,0.15,0.1,300,,2025-02-11
HP,HP 524pf,HP Series 5 Pro 524pf,HSD-0178-W,23.8,1920,1080,IPS LCD,10.7,0.14,0.09,350,,2024-04-01
HP,HP 524pm,HP Series 5 Pro 23.8 inch FHD USB-C Conferencing Monitor - 524pm,,23.8,1920,1080,IPS LCD,14.88,0.4,0.26,350,,2024-06-20
HP,HP 524pn,HP Series 5 Pro 524pn,HSD-0177-W,24,1920,1200,IPS LCD,10.8,0.14,0.1,350,,2024-04-01
HP,HP 524pu,HP Series 5 Pro 23.8 inch FHD USB-C Monitor- 524pu,,23.8,1920,1080,IPS LCD,14.5,0.3,0.18,350,,2024-06-20
HP,HP 524sf Monitor,HP 524sf Monitor,524da|524sa|524sh|524sw|524sf,23.8,1920,1080,IPS LCD,12.88,0.12,0.08,305.1,,2023-10-30
HP,HP 527fd G2,HP Series 5 Pro 27 inch FHD USB-C Docking Monitor-527fd G2,,27,1920,1080,IPS LCD,17.1,0.3,0.2,350,,2026-04-15
HP,HP 527pf,HP Series 5 Pro 527pf,HSD-0190-W,27,1920,1080,IPS LCD,12.37,0.18,0.15,350,,2025-02-11
HP,HP 527pm,HP Series 5 Pro 27 inch QHD USB-C Conferencing Monitor - 527pm,,27,2560,1440,IPS LCD,20.54,0.23,0.13,350,,2024-06-20
HP,HP 527pu,HP Series 5 Pro 27 inch QHD USB-C Monitor - 527pu,,27,2560,1440,IPS LCD,20,0.2,0.17,350,,2024-06-20
HP,HP 527sf Monitor,HP 527sf Monitor,527da|527sa|527sh|527sw|527sf,27,1920,1080,IPS LCD,12.94,0.11,0.08,335.8,,2023-10-30
HP,HP 532sf Monitor,HP 532sf Monitor,532sf|532sw,31.5,1920,1080,VA LCD,17.21,0.12,0.09,347.1,,2023-11-17
HP,HP 534pm,HP Series 5 Pro 34 inch WQHD USB-C Conferencing Monitor - 534pm,,34,3440,1440,VA LCD,34,0.46,0.17,400,,2024-06-20
HP,HP 549pm,HP Series 5 Pro 49 inch DQHD Conferencing Monitor - 549pm,,49,5120,1440,VA LCD,47,0.41,0.31,400,,2025-07-31
HP,HP 724pf,HP Series 7 Pro 724pf,HSD-0075-W,23.8,1920,1080,IPS LCD,12.29,0.2,0.14,300,,2023-12-18
HP,HP 724pn,HP Series 7 Pro 724pn,HSD-0076-W,24,1920,1200,IPS LCD,11.05,0.2,0.12,350,,2023-01-03
HP,HP 724pu,HP Series 7 Pro 724pu,HSD-0077-W,24,1920,1200,IPS LCD,14.25,0.3,0.26,350,,2024-01-03
HP,HP 727pk,HP Series 7 Pro 727pk,HSD-0164-W,27,3840,2160,IPS LCD,25.82,0.78,0.21,300,DisplayHDR 400,2023-12-18
HP,HP 727pm,HP Series 7 Pro 727pm,HSD-0166-W,27,3840,2160,IPS LCD,24.49,0.84,0.24,400,DisplayHDR 400,2024-01-31
HP,HP 727pq,HP Series 7 Pro 727pq,HSD-0163-W,27,2560,1440,IPS LCD,17.73,0.22,0.12,400,DisplayHDR 400,2023-12-05
HP,HP 727pu,HP Series 7 Pro 727pu,HSD-0165-W,27,2560,1440,IPS LCD,20.3,0.8,0.2,400,DisplayHDR 400,2024-01-09
HP,HP 732xk,HP Series 7 Pro 732xk,HSD-0192-W,31.5,3840,2160,IPS LCD,30.09,1.01,0.23,450,DisplayHDR 600,2025-08-05
HP,HP 734pm,HP Series 7 Pro 734pm,HSD-0167-W,34.1,3440,1440,IPS LCD,31.33,0.83,0.22,400,DisplayHDR 400,2024-01-03
HP,HP 738pu,HP Series 7 Pro 738pu,HSD-0168-W,37.5,3840,1600,IPS LCD,35.11,0.83,0.21,300,,2023-12-18
HP,HP 740pm,HP Series 7 Pro 740pm,HSD-0107-W,39.7,5120,2160,IPS LCD,56.1,0.41,0.27,300,,2024-01-09
HP,HP E14 G4,HP E14 G4 Portable Monitor,,14,1080,1920,TFT LCD,3.8,0.2,0.2,200,,2020-07-29
HP,HP M22fw FHD Monitor,HP M22f FHD Monitor,M22f|M22fw,21.5,1920,1080,IPS LCD,11.45,0.13,0.09,299,,2025-06-19
HP,HP P22 G5 FHD Monitor,HP P22 G5 FHD Monitor,,21.5,1920,1080,IPS LCD,12.19,0.3,0.26,244.8,,2022-04-06
HP,HP P24 G5 FHD Monitor,HP P24 G5 FHD Monitor,24h,23.8,1920,1080,IPS LCD,13.25,0.17,0.13,273.7,,2022-05-06
HP,HP P27h G5 FHD Monitor,HP P27h G5 FHD Monitor,27h,27,1920,1080,IPS LCD,14.7,0.15,0.11,297.3,,2022-05-25
HP,HP Series 3 Pro 322ph,HP Series 3 Pro 21.5 inch FHD Monitor - 322ph,,21.5,1920,1080,IPS LCD,12.34,0.14,0.13,256.6,,2025-01-17
HP,OMEN 24e,OMEN 24e,,23.8,1920,1080,IPS LCD,12.46,0.13,0.12,376.2,,2026-04-23
HP,OMEN 27e,OMEN 27e,,27,1920,1080,IPS LCD,14.4,0.13,0.12,388,,2026-04-23
HP,OMEN TRANSCEND 32,OMEN TRANSCEND 32,HSD-0170-W,31.5,3840,2160,OLED,39.4,0.44,0.23,250,DisplayHDR 400,2024-07-02
HP,P204v,HP P204v Monitor,V20,19.5,1600,900,TN LCD,9.02,0.08,0.05,200,,2019-12-09
HP,P22 G5,HP P22 G5 FHD Monitor,,21.5,1920,1080,IPS LCD,12.73,0.12,0.09,250,,2022-04-01
HP,P22b G5,HP P22b G5 FHD Monitor,,21.5,1920,1080,VA LCD,11.78,0.16,0.11,250,,2023-07-04
HP,P22v G5,HP P22v G5,HSD-0127-Q|322pv,21.5,1920,1080,VA LCD,11.2,0.2,0.07,250,,2024-03-11
HP,P22vb G5,P22vb G5,,21.5,1920,1080,TN LCD; VA LCD,12.78,0.13,0.11,250,,2021-07-07
HP,P24 G5,HP P24 G5 FHD Monitor,,23.8,1920,1080,ADS LCD,13.96,0.12,0.1,250,,2022-04-01
HP,P24a G4,HP P24a G4 FHD Monitor,,23.8,1920,1080,TFT LCD,14.03,0.15,0.12,250,,2021-06-24
HP,P24v G5,HP P24v G5 FHD Monitor,,23.8,1920,1080,TFT LCD,14.3,0.13,0.11,250,,2022-06-20
HP,P34hc G4,HP P34hc G4 WQHD USB-C Curved Monitor,M34d,34,3440,1440,IPS LCD,34.07,0.24,0.18,200,,2020-11-05
HP,V24v G5,"HP V24v G5, HP V24v G5 FHD Monitor, HSD-0133-Q",HSD-0133-Q,23.8,1920,1080,VA LCD,11.86,0.21,0.07,250,,2022-04-11
HP,Z32k G3,HP Z32k G3 4K USB-C Display,,31.5,3840,2160,IPS LCD,31.14,0.41,0.27,400,,2022-06-07
Inforlandia,HYA-2401,HYA-2401,,23.8,1920,1080,TFT LCD,12.52,0.19,0.17,190,,2021-04-15
INSYS,HY2-215LD-2,HY2-215LD-2,,21.5,1920,1080,TFT LCD,11.4,0.11,0.09,250,,2022-05-24
INSYS,LE2-2402,LE2-2402,,23.8,1920,1080,TFT LCD,12.8,0.11,0.09,250,,2022-05-26
INSYS,LE2-2702,LE2-2702,,27,1920,1080,TFT LCD,14.82,0.11,0.08,250,,2022-05-24
"JETWING, SELENO, TICNOVA",JWG-238,"23.8"" LED Monitor",JWG-2105|JWG-2306|JWG-2308|JWG-2308YM|JWG-2400|JWG-2700|JWG-2700YM|JWG-2800|JWG-3200|JWG-3400|TIC2308|TIC-238|TIC238WD,23.8,1920,1080,IPS LCD,11.25,0.34,,153.2,,2025-03-04
Koorui,24N1,24N1,24N**|MB24V13F|MB24V13****|P01|P02,24,1920,1080,TFT-LCD,13,0.14,0.11,350,,2023-06-19
Koorui,MB24N2F,MB24N2F,24N5******|24N5CA|MB24**********,23.5,1920,1080,TFT-LCD,13.5,0.15,0.14,250,,2023-10-13
Koorui,MB27N2F,MB27N2F,27N5******|27N5CA|MB27**********,27,1960,1080,TFT-LCD,14.14,0.15,0.14,250,,2023-10-13
Lanix,LX215,LX215,,21.5,1920,1080,VA LCD,11.74,0.13,0.09,250,,2023-02-27
Lanix,LX240,LX240,,23.8,1920,1080,VA LCD,13.22,0.18,0.13,200,,2024-12-20
Lenovo,A16240WT0,T24d-10,P24d-10,24.1,1920,1200,TN LCD,12.6,0.19,0.14,355,,2019-11-20
Lenovo,A18238FS0,S24e-10,L24e-20|S24e-03|A18238FL0,23.8,1920,1080,TN LCD,12.78,0.12,0.09,266,,2018-04-25
Lenovo,A18270FS0,S27i-10,L27i-28|A18270FL0,27,1920,1080,TN LCD,12.66,0.12,0.08,264,,2019-11-25
Lenovo,A18TIO27i,TIO27q,TIO27|A18TIO27,27,2560,1440,TFT LCD,21.28,0.83,0.27,350,,2024-01-02
Lenovo,A21156FX0,M15,,15.6,1920,1080,TFT LCD,6.2,0.4,0.35,250,,2021-03-17
Lenovo,A21238FT0,T24t-20,,23.8,1920,1080,TFT LCD,15.73,0.66,0.32,300,,2021-03-12
Lenovo,A21270QE0,E27q-20,T27qs-20,27,2560,1440,TFT LCD,20.37,0.28,0.19,350,,2024-08-28
Lenovo,A22270FT0,T27i-30,T27i-37,27,1920,1080,TFT LCD,15.36,0.5,0.14,300,,2022-04-04
Lenovo,A22270QP1,P27q-30,,27,2560,1440,TFT LCD,16.62,0.26,0.15,350,,2022-04-04
Lenovo,A22270QT0,T27h-30,T27h-37,27,2560,1440,TFT LCD,20.43,0.75,0.32,350,,2022-04-25
Lenovo,A22270UP0,T27p-30,,27,3840,2160,TFT LCD,26.01,1.8,0.24,350,,2022-06-02
Lenovo,A22315QT0,T32h-30,,31.5,2560,1440,TFT LCD,25.56,0.5,0.18,350,,2022-08-03
Lenovo,A22315UP0,P32p-30,,31.5,3840,2160,TFT LCD,32.76,2.33,0.39,300,,2022-10-21
Lenovo,A22315UT0,T32p-30,,31.5,3840,2160,TFT LCD,31.01,0.52,0.17,350,,2022-08-04
Lenovo,A223403T0,T34w-30,,34,1440,3440,TFT LCD,28.44,0.61,0.21,350,,2022-09-06
Lenovo,A234905P0,P49w-30,,49,5120,1440,TFT LCD,49.12,1.8,0.3,350,,2023-01-06
Lenovo,A23TIO22,TIO22Gen5,,21.5,1920,1080,TFT LCD,9.99,0.27,0.18,250,,2023-03-27
Lenovo,A23TIO22,TIO22Gen5Touch,,21.5,1920,1080,TFT LCD,11.15,0.67,0.18,250,,2023-03-27
Lenovo,A23TIO24,TIO24Gen5,,23.8,1920,1080,TFT LCD,11.8,0.27,0.19,250,,2023-03-27
Lenovo,A23TIO24T,TIO24Gen5Touch,,23.8,1920,1080,TFT LCD,12.96,0.68,0.19,250,,2023-03-27
Lenovo,A24245FP0,P25i-30,,24.5,1920,1080,TFT LCD,11.9,0.31,0.1,300,,2024-01-02
Lenovo,A24270FL0,L27i-4A,L27-45|L27-46|L27-4C|L27-4r|L27i-4B,27,1920,1080,IPS LCD,15.83,0.24,0.21,300,,2024-04-19
Lenovo,A25160WX0,M16,L16,16,1920,1200,IPS LCD,4.5,0.34,0.14,300,,2026-04-02
Lenovo,A25238FE0,E24-40,TS24-40,23.8,1920,1080,IPS LCD,11.8,0.31,0.21,250,,2025-04-29
Lenovo,A25238FS0,S24-4e,,23.8,1920,1080,IPS LCD,13.26,0.33,0.26,250,,2025-02-24
Lenovo,A25238FT1,T24D-40,T24D-48,23.8,1920,1080,VA LCD,14,0.53,0.23,250,,2025-04-11
Lenovo,A25238FT2,T24-4v,,23.8,1920,1080,VA LCD,11.36,0.23,0.1,250,,2025-04-15
Lenovo,A25238FT3,T24D-4v,,23.8,1920,1080,IPS LCD,15.5,0.67,0.16,250,,2025-07-02
Lenovo,A25238QP0,P24QD-40,,23.8,2560,1440,TFT LCD,14,1.29,0.38,300,,2025-04-09
Lenovo,A25238QP1,P24Q-40,,23.8,2560,1440,TFT LCD,11,0.32,0.15,300,,2025-04-09
Lenovo,A25270FS0,S27-4e,,27,1920,1080,IPS LCD,11.75,0.28,0.22,300,,2025-05-14
Lenovo,A25270QT0,T27QD-4v,,27,2560,1440,IPS LCD,20.4,0.8,0.18,350,,2025-07-04
Lenovo,A25315UT0,T32UD-40,,31.5,3840,2160,IPS LCD,25.2,0.87,0.17,350,,2025-04-28
Lenovo,A253403P0,P34WD-40,,34,3440,1440,IPS LCD,24.5,1.72,0.29,350,,2025-02-27
Lenovo,A253403T0,T34WD-40,,34,3440,1440,VA LCD,25.57,0.64,0.17,300,,2025-02-07
Lenovo,A253975P0,P40WD-40,,39.7,5120,2160,TFT LCD,38.12,1.77,0.23,400,,2025-07-08
Lenovo,A26270FT0,T27D-40,,27,1920,1080,IPS LCD,16.72,1.08,0.44,300,,2026-06-11
Lenovo,A26315UT0,T32UD-4v,,31.5,3840,2160,IPS LCD,24.92,0.75,0.19,350,,2026-09-02
Lenovo,A263403T0,T34WD-4v,,34,3440,1440,VA LCD,24.8,0.76,0.19,300,,2026-07-30
Lenovo,C18238FT1,T24m-10,,23.8,1920,1080,TFT LCD,13.93,0.37,0.16,250,,2019-10-16
Lenovo,C19270QT0,T27q-20,,27,2560,1440,IPS LCD,17.15,0.18,0.12,350,,2019-10-02
Lenovo,C19280DL0,L28u-30,S28u-10|C19280DS0,27.9,3840,2160,IPS LCD,24.09,0.18,0.15,300,,2019-07-26
Lenovo,C20238FS0,S24e-20,,23.8,1920,1080,IPS LCD,11.36,0.13,0.11,250,,2020-10-14
Lenovo,C20315UP0,P32p-20,,31.5,3840,2160,IPS LCD,26.51,0.44,0.23,350,,2020-01-21
Lenovo,C23215FE0,E22-30,,21.5,1920,1080,IPS LCD,9.01,0.1,0.08,250,,2023-07-05
Lenovo,C23238FE0,E24-30,,23.8,1920,1080,IPS LCD,10.88,0.21,0.17,250,,2023-07-18
Lenovo,C23238QE0,E24q-30,,24,2560,1440,IPS LCD,12.21,0.13,0.11,300,,2023-07-06
Lenovo,C23270UP0,P27pz-30,,27,3840,2160,Wide Viewing Angle,26,0.49,0.2,600,DisplayHDR 1000,2023-06-26
Lenovo,C23315UP0,P32pz-30,,32,3840,2160,Wide Viewing Angle,32,0.49,0.2,650,DisplayHDR 1000,2023-06-26
Lenovo,C24240WD0,C24d-20,,24,1920,1200,IPS LCD,11.72,0.18,0.11,300,,2024-01-09
Lenovo,C25238FT0,T24-40,,23.8,1920,1080,IPS LCD,11.52,0.52,0.14,250,,2024-12-13
Lenovo,C25270QP0,P27QD-40,,27,2560,1440,IPS LCD,14.51,0.75,0.17,350,,2025-02-14
Lenovo,C25270QT0,T27QD-40,,27,2560,1440,IPS LCD,16.57,0.91,0.35,350,,2025-02-14
Lenovo,C25270UT0,T27UD-40,,27,3840,2160,IPS LCD,17.95,0.95,0.16,350,,2025-02-18
Lenovo,C25315UP0,P32UD-40,,31.5,3840,2160,IPS LCD,18.3,1.36,0.18,350,,2025-06-09
Lenovo,C26238FT0,T24D-4t,,23.8,1920,1080,IPS LCD,13.61,1.02,0.16,350,,2026-02-06
Lenovo,C26270UP0,P27UD-40,,27,3840,2160,IPS LCD,17.3,1.02,0.16,350,,2026-02-27
Lenovo,D17215FT0,T22v-10,,21.5,1920,1080,IPS LCD,12.01,0.2,0.17,250,,2019-10-02
Lenovo,D17238FE0,E24-10,,23.8,1920,1080,IPS LCD,11.76,0.19,0.14,250,,2019-10-02
Lenovo,D17238FE1,TE24-10,,23.8,1920,1080,IPS LCD,12.15,0.15,0.12,250,,2019-10-02
Lenovo,D19270QP0,P27q-20,,27,1440,2560,IPS LCD,16.47,0.15,0.12,350,,2019-10-02
Lenovo,D19270QP1,P27h-20,,27,1440,2560,IPS LCD,19.31,0.5,0.19,350,,2020-07-04
Lenovo,D19270QP1,P27h-20,,27,1440,2560,IPS LCD,19.31,0.5,0.19,350,,2020-07-04
Lenovo,D19270QP1,P27h-20,P27h-28|D21270QP0,27,2560,1440,IPS LCD,20.96,0.75,0.19,350,,2022-06-02
Lenovo,D20215FT0,T22i-20,P22i-20,21.5,1080,1920,IPS LCD,10.3,0.13,0.08,250,,2019-12-31
Lenovo,D20215FT1,T22v-20,,21.5,1080,1920,IPS LCD,10.75,0.15,0.09,250,,2019-12-31
Lenovo,D20238FT0,T24v-20,,23.8,1080,1920,IPS LCD,11.36,0.15,0.09,250,,2019-12-31
Lenovo,D20238QL0,Q24h-10,,23.8,1440,2560,IPS LCD,13.61,0.72,0.27,300,,2019-12-30
Lenovo,D21238FT0,T24m-20,P24m-20,23.8,1920,1080,IPS LCD,14.76,0.53,0.26,250,,2021-04-23
Lenovo,D21238FT0,T24m-29,,23.8,1920,1080,IPS LCD,14.76,0.62,0.23,250,,2022-01-20
Lenovo,D21270UP0,P27u-20,,27,2160,3840,IPS LCD,28.84,2.85,0.2,400,DisplayHDR 400,2021-10-14
Lenovo,D213975P0,P40w-20,,40,5120,2160,IPS LCD,52.43,0.98,0.2,306,,2021-02-04
Lenovo,D22140MX0,M14d,,14,2240,1400,IPS LCD,4.96,0.36,0.22,300,,2022-03-29
Lenovo,D22215FT0,T22i-30,P22i-30,21.5,1920,1080,IPS LCD,11,0.12,0.07,250,,2022-05-27
Lenovo,D22230FT0,T23i-30,,23,1920,1080,IPS LCD,11.88,0.11,0.07,250,,2022-05-26
Lenovo,D22238QP0,P24h-30,,23.8,2560,1440,IPS LCD,17.4,0.53,0.19,300,,2022-05-06
Lenovo,D22238QP1,P24q-30,,23.8,2560,1440,IPS LCD,15.44,0.14,0.11,300,,2022-05-06
Lenovo,D22e-20,D21215FD0,C22e-20,21.5,1920,1080,VA LCD,12.17,0.16,0.12,250,,2022-09-30
Lenovo,D24140QX0,M14t Gen2,,14,2240,1400,IPS LCD,6.57,0.35,0.25,300,,2024-03-08
Lenovo,D24238FL0,L24-4C,L24-45,23.8,1920,1080,IPS LCD,14.54,0.17,0.1,250,,2025-07-15
Lenovo,D24238FL0,L24-4r,L24-46,23.8,1920,1080,IPS LCD,13.56,0.17,0.11,300,,2026-04-29
Lenovo,D24238FL0,L24i-4A,,23.8,1920,1080,IPS LCD,14.15,0.19,0.12,250,,2024-03-25
Lenovo,D24238FL1,L24D-4C,,23.8,1920,1080,IPS LCD,14.8,0.5,0.3,250,,2025-07-15
Lenovo,D24238FL1,L24m-4A,,23.8,1920,1080,IPS LCD,14.78,0.44,0.16,250,,2024-04-08
Lenovo,D24270QL0,L27q-4A,,27,2560,1440,IPS LCD,18.79,0.25,0.21,350,,2024-04-16
Lenovo,D24270QL1,L27h-48,,27,2560,1440,IPS LCD,21.3,0.49,0.18,350,,2026-07-20
Lenovo,D24270QL1,L27h-4A,,27,2560,1440,IPS LCD,21.3,0.49,0.18,350,,2024-04-16
Lenovo,D25215FE0,E22-40,TS22-40,21.5,1920,1080,IPS LCD,10.93,0.5,0.3,250,,2025-05-20
Lenovo,D25215FS0,S22-4e,,21.5,1920,1080,IPS LCD,9.9,0.5,0.3,250,,2025-05-20
Lenovo,D25270FT0,T27-40,,27,1920,1080,IPS LCD,12.5,0.21,0.17,300,,2024-12-09
Lenovo,D25270QP0,P27Q-40,,27,2560,1440,IPS LCD,13.8,0.21,0.11,350,,2024-12-09
Lenovo,D25270QT0,T27Q-40,,27,2560,1440,IPS LCD,16.15,0.28,0.14,350,,2024-12-09
Lenovo,D26TIO24,TIO24Gen6,,23.8,1920,1080,IPS LCD,11.36,0.5,0.3,258,,2026-04-15
Lenovo,D26TIO24T,TIO24Gen6Touch,,23.8,1920,1080,IPS LCD,12.52,0.8,0.3,260,,2026-04-14
Lenovo,D26TIO27,TIO27Gen6,,27,2560,1440,IPS LCD,18.5,0.5,0.5,300,,2026-04-14
Lenovo,F20238FE*,E24-**,T24s-**,23.8,1080,1920,IPS LCD; VA LCD,13.4,0.22,0.21,263.5,,2022-04-18
Lenovo,F213403P0,P34w-20,,34.1,3440,1440,IPS LCD,29.58,0.18,0.17,281.7,,2021-05-13
Lenovo,"F22238F**  ( “*” can be A-Z, a-z, 0-9, /, \, hyphen, +, - or blank)","T24i-**  ( “*” can be A-Z, a-z, 0-9, /, \, hyphen, +, - or blank)",F22238F**|T24i-**,23.8,1920,1080,IPS LCD,11.8,0.22,0.21,250,,2022-07-15
Lenovo,F22238FT1,F22238FT1,T24v-30|F22238***|T24v-**,23.8,1920,1080,IPS LCD,14.1,0.15,0.13,250,,2022-08-04
Lenovo,F22238FT2,F22238FT2,T24mv-30|F2223****|T24mv-**,23.8,1920,1080,IPS LCD,14,0.73,0.17,250,,2022-11-02
Lenovo,F22270QT0,F22270QT0,T27hv-30|F22270***|T27hv-**,27,2560,1440,IPS LCD,20.1,0.81,0.16,350,,2022-09-26
Lenovo,H20215FE0,E22-20,E22-28|T22s-20|E22*-**|T22*-**|L22-28|L22*-**|H20215FE*,21.5,1920,1080,TFT LCD,11.24,0.21,0.2,250,,2022-05-19
Lenovo,H20215FE0,E22-20,T22s-20,21.5,1920,1080,TFT LCD,11.24,0.21,0.2,250,,2020-05-12
Lenovo,H20238FE0,E24-20,E24-28|T24s-20|E24*-**|T24*-**|L24-28|L24*-**|H20238FE*,23.8,1920,1080,TFT LCD,12.98,0.21,0.21,250,,2022-05-19
Lenovo,H20238FE0,E24-20,T24s-20,23.8,1920,1080,TFT LCD,12.98,0.21,0.21,250,,2020-06-11
Lenovo,H22195HE0,E20-30,D20-30|H22195HL0|D20**-**|H22195***|E20**-**,19.5,1600,900,TN LCD,9.84,0.29,0.16,250,,2021-12-16
Lenovo,H22245FS0,S25e-30,L25*-**|L25e-40|H22245***|S25*-**|TS25*-**|TS25e-20|H22245FL0,24.5,1920,1080,VA LCD,14.27,0.22,0.17,250,,2022-10-13
Lenovo,H23270FS0,H23270FS0,S27i-30|S27*-**|H23270***,27,1920,1080,IPS LCD,15.7,0.16,0.13,300,,2023-03-24
Lenovo,H25270FE0,H25270FE0,E27-40|TS27-40|E27-**|TS27-**|H25270FE*|H25270***,27,1920,1080,IPS LCD,12.61,0.1,0.08,300,,2025-04-29
Lenovo,H25270QE0,H25270QE0,E27Q-40|TS27Q-40|E27*-**|TS27*-**|H25270QE*|H25270***,27,2560,1440,IPS LCD,16.21,0.18,0.16,350,,2025-04-29
Lenovo,"L28u-35,E28u-20,T28us-20,H22280UL0,H22280UE0,L28**-**,E28**-**,T28**-**, H22280***(*can be 0-9,a-z,A-Z,+,-,\ or blank)","L28u-35,E28u-20,T28us-20,H22280UL0,H22280UE0,L28**-**,E28**-**,T28**-**, H22280***(*can be 0-9,a-z,A-Z,+,-,\ or blank)",L28u-35|E28u-20|T28us-20|H22280UL0|H22280UE0|L28**-**|E28**-**|T28**-**|H22280***,28,2160,3840,IPS LCD,25.25,0.19,0.17,0,,2021-12-21
Lenovo,M24195HD0,C20-39,M24195HD*,19.5,1600,900,IPS LCD,9.43,0.12,0.09,250,,2025-02-06
Lenovo,M24215FD0,C22-39,M24215FD*,21.5,1920,1080,IPS LCD,13.44,0.11,0.09,350,,2025-02-06
Lenovo,Q24i-10,F19238FL0,F19238FX0|X24i-20,60.5,1080,1920,TFT LCD,13.51,0.2,0.19,265,,2019-07-18
Lenovo,S22i-30,G24215FS0,,21.5,1920,1080,IPS LCD,12.08,0.18,0.16,280,,2023-12-14
Lenovo,S24e-20,F20238FS0,,23.8,1080,1920,TN LCD,10.52,0.14,0.13,249.6,,2020-11-30
Lenovo,"S24i-** (*=A-Z, a-z, 0-9, +, hyphen, \ or blank)","S24i-** (*=A-Z, a-z, 0-9, +, hyphen, \ or blank)",S24i-**|F23238***,23.8,1920,1080,IPS LCD,13.47,0.17,0.15,246.5,,2022-11-01
Lenovo,T1714pA,T1714p,T1714|T1714A,17,1280,1024,TN LCD,8.92,0.17,0.11,250,,2019-11-13
Lenovo,T2364tA,T2364t,T2364p|T23i-10|P23i-10|T2364pA,23,1920,1080,VA LCD,13.45,0.2,0.11,250,,2019-11-13
Lenovo,T24-40,A25238FT0,,23.8,1920,1080,TFT LCD,11.6,0.19,0.07,250,,2024-11-27
Lenovo,T24d-30,A24240WT0,T24d-3W,24,1920,1200,TFT LCD,12.2,0.19,0.13,300,,2024-05-24
LG,17MT70*-*.******,17MT70*,,17,2560,1600,IPS LCD,7.15,0.25,,350,,2025-01-07
LG,20M35PH,20M35PH-B,,19.5,1600,900,IPS LCD,9.75,0.24,0.14,250,,2020-05-05
LG,20MK40L,20MK40L-*,,19.4,1366,768,IPS LCD,9.88,0.16,0.11,200,,2024-06-21
LG,20U401A,20U401A-*,,19,1600,900,IPS LCD,9.96,0.15,0.11,250,,2024-10-21
LG,22BL450Y,22BL450Y-B,22BL450Y-W,21.5,1920,1080,IPS LCD,11.54,0.18,0.18,210,,2019-11-05
LG,22BN550Y,22BN550Y-B,,21.5,1920,1080,IPS LCD,11.93,0.16,0.1,250,,2019-11-12
LG,22BP410,22BP410-*,,21.5,1920,1080,IPS LCD,12.59,0.16,0.11,309.6,,2022-08-10
LG,22MB35DE,22MB35D-I,22MB35P-I|22MB35PE|22MB35PY-I|22MB35PYI,21.5,1920,1080,IPS LCD,12.48,0.13,0.12,230,,2019-11-05
LG,22MP415-*,22MP415,,21.5,1920,1080,IPS LCD,11.59,0.13,0.12,250,,2026-05-12
LG,22MP55PJ,22MP55PJ-B,,21.5,1920,1080,IPS LCD,11.93,0.16,0.1,250,,2019-11-12
LG,24BA400,24BA400-*,,23.8,1920,1080,IPS LCD,13.5,0.26,0.18,250,,2024-07-12
LG,24BA450,24BA450,,23.8,1920,1080,IPS LCD,9.7,0.13,0.12,250,,2024-03-27
LG,24BA55W,24BA55W-*,,24,1920,1200,IPS LCD,14.4,0.16,0.16,350,,2025-01-16
LG,24BA560,24BA560,24BA550,23.8,1920,1080,IPS LCD,11.2,0.16,0.14,250,,2024-03-01
LG,24BA650,24BA650-*,,23.8,1920,1080,IPS LCD,14.8,0.28,0.17,250,,2024-05-31
LG,24BA750,24BA750-*,,23.8,1920,1080,IPS LCD,14.8,0.31,0.18,250,,2024-05-31
LG,24BA850,24BA850-*,,23.8,1920,1080,IPS LCD,14.8,0.28,0.18,250,,2024-05-14
LG,24BF430B-*,24BF430B,,23.8,1920,1080,IPS LCD,13.12,0.1,0.08,250,,2026-05-12
LG,24BF440B-*,24BF440B,,23.8,1920,1080,IPS LCD,12.01,0.11,0.1,250,,2026-04-23
LG,24BF450B-*,24BF450B,,23.8,1920,1080,IPS LCD,11.94,0.1,0.09,250,,2026-05-12
LG,24BF550B-*,24BF550B,,23.8,1920,1080,IPS LCD,12.87,0.14,0.13,250,,2026-04-23
LG,24BF640B-*,24BF640B,,23.8,1920,1080,IPS LCD,13.13,0.19,0.19,250,,2026-04-15
LG,24BK550Y,24BK550Y-B,24BK550Y-H|24BK550Y-I|24BL550Y-B|24BL550J,23.8,1920,1080,IPS LCD,13.94,0.14,0.14,250,,2019-11-10
LG,24BK55YP,24BK55YP-*,,23.8,1920,1080,IPS LCD,13.94,0.14,0.14,250,,2023-04-10
LG,24BK55YT,24BK55YT-*,,23.8,1920,1080,IPS LCD,13.94,0.14,0.14,250,,2023-04-10
LG,24BL450Y,24BL450Y-*,24BL450Y-T,23.8,1920,1080,IPS LCD,12.39,0.18,0.18,230,,2019-11-13
LG,24BL550J-B,24BK55YP-*,,23.8,1920,1080,IPS LCD,13.94,0.14,0.14,220,,2023-06-28
LG,24BL650C,24BL650C-B,,23.8,1920,1080,IPS LCD,13.38,0.31,0.23,220,,2019-11-13
LG,24BN550Y,"24BN550Y-*24BN550Y-* (""*"" can be 'blank' or A~Z, Ex.:24BN550Y-B)",24BN550Y-*24BN550Y-*,23.8,1920,1080,IPS LCD,11.28,0.13,0.13,220,,2020-04-14
LG,24BN55YP,"24BN55YP-*24BN55YP-* (""*"" can be 'blank' or A~Z,Ex.:24BN55YP-B)",24BN55YP-*24BN55YP-*,23.8,1920,1080,IPS LCD,11.28,0.13,0.13,220,,2022-09-07
LG,24BN650Y,24BN650Y-*,,23.8,1920,1080,IPS LCD,12.31,0.19,0.19,250,,2020-03-18
LG,24BN65YP,24BN65YP-*,,23.8,1920,1080,IPS LCD,12.31,0.19,0.19,250,,2022-09-09
LG,24BP450Y,24BP450Y-*,,24.4,1920,1080,IPS LCD,13.23,0.23,0.23,265,,2021-10-27
LG,24BP45SP,24BP45SP-*,,24.4,1920,1080,IPS LCD,13.53,0.26,0.25,270,,2022-09-09
LG,24BP45YP,24BP45YP-*,,24.4,1920,1080,IPS LCD,13.23,0.23,0.23,265,,2022-09-07
LG,24BP55Q,24BP55Q-*,,23.8,2560,1440,IPS LCD,11.38,0.12,0.11,348.2,,2022-08-19
LG,24BP750C,24BP750C-*,,23.8,1920,1080,IPS LCD,14.34,0.36,0.13,250,,2021-10-14
LG,24BP75CP,24BP75CP-*,,23.8,1920,1080,IPS LCD,14.34,0.36,0.13,250,,2022-09-08
LG,24BP75Q,24BP75Q-*,,23.8,2560,1440,IPS LCD,16.37,0.15,0.08,330,,2021-01-06
LG,24BQ55WY,24BQ55WY-*,,24.1,1920,1200,IPS LCD,12.9,0.19,0.19,310.6,,2022-05-30
LG,24BR550Y,24BR550Y-*,,23.8,1920,1080,IPS LCD,11.86,0.12,0.12,228.1,,2022-09-26
LG,24BR650B,24BR650B-*,,23.8,1920,1080,IPS LCD,14.5,0.23,0.18,209,,2022-12-01
LG,24BR750C,24BR750C-*,,23.8,1920,1080,IPS LCD,13.91,0.32,0.17,266.2,,2022-09-29
LG,24BR750E,24BR750E-*,24BR750E-C,23.8,1920,1080,IPS LCD,14.8,0.28,0.17,250,,2023-11-08
LG,24MP750C,24MP750C-*,,23.8,1920,1080,IPS LCD,14.34,0.36,0.13,250,,2022-04-26
LG,25BL55WY,25BL55WY-B,,25,1920,1200,IPS LCD,15.03,0.21,0.18,250,,2019-11-07
LG,25MS550,25MS550-*,,24.5,1920,1080,IPS LCD,13,0.27,0.16,250,,2024-06-06
LG,26BQ500,26BQ500-*,,25.7,2560,1080,IPS LCD,14.44,0.14,0.14,260.6,,2022-08-26
LG,26WQ500,26WQ500-*,,25.7,2560,1080,IPS LCD,14.44,0.14,0.14,260.6,,2022-02-09
LG,27BA400,27BA400-*,,27,1920,1080,IPS LCD,15.9,0.27,0.23,250,,2024-07-11
LG,27BA450,27BA450,,27,1920,1080,IPS LCD,11.8,0.14,0.13,250,,2024-03-27
LG,27BA45QB,27BA45QB-*,,27,2560,1440,IPS LCD,14.32,0.12,0.12,400,,2024-11-28
LG,27BA45U,27BA45U-*,,27,3840,2160,IPS LCD,22.94,0.11,0.11,300,,2024-11-20
LG,27BA54QB,27BA54QB-*,,27,2560,1440,IPS LCD,14.15,0.15,0.12,400,,2025-01-06
LG,27BA560,27BA560,27BA550,27,1920,1080,IPS LCD,12.9,0.16,0.15,250,,2024-03-01
LG,27BA650,27BA650-*,,27,1920,1080,IPS LCD,16.7,0.26,0.19,250,,2024-05-31
LG,27BA65QB,27BA65QB-*,,23.8,2560,1440,IPS LCD,17.71,0.36,0.14,400,,2024-08-09
LG,27BA750,27BA750-*,,27,1920,1080,IPS LCD,16.7,0.29,0.18,250,,2024-05-31
LG,27BA75QB,27BA75QB-*,,27,2560,1440,IPS LCD,17.71,0.36,0.14,400,,2024-08-09
LG,27BA850,27BA850-*,,27,1920,1080,IPS LCD,16.7,0.29,0.18,250,,2024-05-14
LG,27BA850,27BA850-*,,27,1920,1080,IPS LCD,16.7,0.29,0.18,250,,2024-05-14
LG,27BF440B-*,27BF440B,,27,1920,1080,IPS LCD,15.38,0.11,0.1,250,,2026-04-23
LG,27BF550B-*,27BF550B,,27,1920,1080,IPS LCD,13.33,0.14,0.13,250,,2026-04-23
LG,27BF640B-*,27BF640B,,27,1920,1080,IPS LCD,15.84,0.19,0.19,250,,2026-04-15
LG,27BK430H,27BK430H-B,,27,1920,1080,IPS LCD,14.35,0.16,0.1,250,,2019-11-07
LG,27BK550Y,27BK550Y-B,27BK550Y-I,27,1920,1080,IPS LCD,13.48,0.13,0.13,250,,2019-11-07
LG,27BK55YP,27BK55YP-*,,27,1920,1080,IPS LCD,13.48,0.13,0.13,250,,2022-09-08
LG,27BK67U,27BK67U-B,,27,3840,2160,IPS LCD,21.36,0.25,0.22,250,,2019-11-26
LG,27BL450Y,"27BL450Y-*( * can be 'blank' or A~Z,Ex.:27BL450Y-B, 27BL450Y-T)",27BL450Y-*|27BL450Y-T,27,1920,1080,IPS LCD,13.66,0.19,0.19,250,,2022-07-12
LG,27BL55U,27BL55U-B,,27,3840,2160,IPS LCD,23.9,0.13,0.13,250,,2020-01-20
LG,27BL55U,27BL55U-B,27BN55U-B|27BN55U,27,3840,2160,IPS LCD,23.9,0.13,0.13,250,,2020-01-20
LG,27BL650C,27BL650C-B,,27,1920,1080,IPS LCD,13.47,0.31,0.22,250,,2019-11-12
LG,27BL85U,27BL85U-#,27BN85U-B,27,3840,2160,IPS LCD,24.89,0.16,0.14,350,,2020-07-26
LG,27BN550Y,27BN550Y-#,,27,1920,1080,IPS LCD,13.05,0.13,0.13,250,,2020-05-07
LG,27BN55UP,27BN55UP-*,,27,3840,2160,IPS LCD,23.9,0.13,0.13,250,,2022-09-08
LG,27BN650Y,27BN650Y-*,,27,1920,1080,IPS LCD,15.99,0.19,0.19,250,,2020-03-18
LG,27BN65Q,27BN65Q-*,,27,2560,1440,IPS LCD,18.06,0.16,0.15,420,,2020-08-04
LG,27BN65QP,27BN65QP-*,,27,2560,1440,IPS LCD,18.06,0.16,0.15,420,,2022-09-09
LG,27BN65YP,27BN65YP-*,,27,1920,1080,IPS LCD,15.99,0.19,0.19,250,,2022-09-08
LG,27BN85U,27BN85U-*,27BN85U-B,27,3840,2160,IPS LCD,24.89,0.16,0.14,350,,2022-03-15
LG,27BN85UN,27BN85UN-*,,27,3840,2160,IPS LCD,24.89,0.16,0.14,350,,2022-03-15
LG,27BN88Q,"27BN88Q-#27BN88Q-# (# can be 'blank' or A~Z,Ex.:27BN88Q-B)",27BN88Q-#27BN88Q-#,27,2560,1440,IPS LCD,18.67,0.2,0.17,350,,2020-05-19
LG,27BN88U,27BN88U-*,,27,3840,2160,IPS LCD,23.29,0.11,0.1,300,,2020-07-14
LG,27BN88U,27BN88U-*,,27,3840,2160,IPS LCD,23.29,0.11,0.1,300,,2020-07-14
LG,27BP45YP,27BP45YP-*,,27,1920,1080,IPS LCD,14.69,0.1,0.1,270.5,,2022-09-07
LG,27BP55U,27BP55U-*,,27,3840,2160,IPS LCD,22.41,0.19,0.16,335.9,,2022-08-17
LG,27BP85L,27BP85L-*,,27,3840,2160,IPS LCD,23.5,0.16,0.06,440,,2020-12-12
LG,27BP85U,27BP85U-*,,27,3840,2160,IPS LCD,23.5,0.16,0.06,440,,2020-12-12
LG,27BP85UK,27BP85UK-*,,27,3840,2160,IPS LCD,23.52,0.18,0.16,400,,2024-09-16
LG,27BP85UN,27BP85UN-*,,27,3840,2160,IPS LCD,23.5,0.16,0.06,440,,2022-03-15
LG,27BQ65UB,27BQ65UB-*,,27,2160,3840,IPS LCD,22.52,0.24,0.21,334,,2023-01-13
LG,27BQ65UK,27BQ65UK-*,,27,3840,2160,IPS LCD,24.7,0.31,0.18,300,,2024-11-21
LG,27BR530Y,27BR530Y-*,,27,1920,1080,IPS LCD,13.03,0.12,0.12,231.9,,2023-05-13
LG,27BR550Y,27BR550Y-*,,27,1920,1080,IPS LCD,13.03,0.12,0.12,231.9,,2022-09-28
LG,27BR650B,27BR650B-*,,27,1920,1080,IPS LCD,15.17,0.31,0.17,255.5,,2022-10-21
LG,27BR750C,27BR750C-*,,27,1920,1080,IPS LCD,15.17,0.31,0.17,255.5,,2022-09-28
LG,27BU650B-*,27BU650B,,27,3840,2160,IPS LCD,20.57,0.17,0.16,300,,2026-04-23
LG,27UL600,27UL600-W,27BL65U-W|27BL65U|27UL650-W|27UL650,27,3840,2160,IPS LCD,21.6,0.14,0.13,250,,2019-11-26
LG,27UN880,"27UN880-*(""*"" can be 'blank' or A~Z,Ex.:27UN880-B)",27UN880-*,27,3840,2160,IPS LCD,23.29,0.11,0.1,300,,2020-07-14
LG,27UN880P,27UN880P-*,,27,3840,2160,IPS LCD,23.29,0.11,0.1,300,,2022-09-09
LG,27UP600,27UP600-*,27UP650-W,27,3840,2160,IPS LCD,20.84,0.13,0.13,410,,2020-12-15
LG,27UP600K,27UP600K-*,,27,3840,2160,IPS LCD,23.32,0.13,0.13,400,,2024-11-21
LG,27UP600P,27UP600P-*,,27,3840,2160,IPS LCD,20.84,0.13,0.13,410,,2022-09-09
LG,27UP650,27UP650-*,27UP650-W,27,3840,2160,IPS LCD,20.84,0.13,0.13,410,,2020-12-15
LG,27UP650K,27UP650K-*,,27,3840,2160,IPS LCD,23.32,0.13,0.13,400,,2024-11-21
LG,27UP650P,27UP650P-*,,27,3840,2160,IPS LCD,20.84,0.13,0.13,410,,2022-09-09
LG,27UP80B,27UP80B-*,,27,3840,2160,IPS LCD,23.5,0.16,0.06,440,,2020-12-12
LG,27UP850,27UP850-*,,27,3840,2160,IPS LCD,23.5,0.16,0.06,440,,2020-12-12
LG,27UP850N,27UP850N-*,,27,3840,2160,IPS LCD,23.5,0.16,0.06,440,,2022-03-15
LG,27UP85NP,27UP85NP-*,,27,3840,2160,IPS LCD,23.5,0.16,0.06,440,,2022-12-02
LG,28BQ750,28BQ750-*,,27.6,2560,2880,IPS LCD,31,0.26,0.18,270,,2022-12-20
LG,28BQ780,28MQ780-*,,27.6,2560,2880,IPS LCD,28.36,0.26,0.17,297.7,,2022-06-10
LG,28MQ750,28MQ750-*,,27.6,2560,2880,IPS LCD,31,0.26,0.18,270,,2022-12-20
LG,28MQ780,28MQ780-*,,27.6,2560,2880,IPS LCD,28.36,0.26,0.17,297.7,,2022-02-17
LG,29BF550B-*,29BF550B,,29,2560,1080,IPS LCD,15.29,0.22,0.21,250,,2026-02-06
LG,29BN650,"29BN650-# (# can be 'blank' or A~Z,Ex:29BN650-B)",29BN650-#,28.7,2560,1080,IPS LCD,16.24,0.18,0.18,250,,2020-06-02
LG,29BQ650,29BQ650-*,,28.7,2560,1080,IPS LCD,15.29,0.22,0.22,299.1,,2022-09-21
LG,29WP500,29WP500-*,,28.7,2560,1080,IPS LCD,13.88,0.14,0.13,300,,2020-11-25
LG,29WP500P,29WP500P-*,,28.7,2560,1080,IPS LCD,13.91,0.14,0.13,300,,2022-09-07
LG,29WP60G,29WP60G-*,,28.7,2560,1080,IPS LCD,14.3,0.21,0.21,300,,2020-08-09
LG,29WQ500,29WQ500-*,,28.7,2560,1080,IPS LCD,13.41,0.13,0.13,281.7,,2022-02-17
LG,29WQ600,29WQ600-*,,28.7,2560,1080,IPS LCD,15.29,0.22,0.22,299.1,,2022-02-17
LG,32BN50U,32BN50U-*,,31.5,3840,2160,IPS LCD,30.09,0.13,0.13,370,,2020-07-30
LG,32BN67U,32BN67U-#,,31.5,3840,2160,IPS LCD,28.93,0.25,0.24,360,,2020-07-21
LG,32BN67UP,32BN67UP-#,,31.5,3840,2160,IPS LCD,28.93,0.25,0.24,360,,2022-12-02
LG,32BN88U,"32BN88U-# (""#"" can be 'blank' or A~Z,Ex.:32BN88U-B",32BN88U-#,31.5,3840,2160,IPS LCD,29.71,0.07,0.05,250,,2020-07-13
LG,32BN88UK,32BN88UK-*,,31.5,3840,1080,IPS LCD,29.71,0.18,0.16,350,,2024-09-02
LG,32BP55U,32BP55U-*,,31.5,3840,2160,IPS LCD,29.64,0.18,0.07,375.3,,2022-08-18
LG,32BP57U,32BP57U-*,32BN50U-*,31.5,3840,2160,IPS LCD,30.09,0.13,0.13,370,,2020-07-30
LG,32BP88Q,32BP88Q-*,,31.5,2560,1440,IPS LCD,23.41,0.19,0.16,356.4,,2022-04-28
LG,32BR55U,32BR55U-*,,31.5,3840,2160,IPS LCD,31,0.23,0.15,250,,2023-07-07
LG,32BR55UK,32BR55UK-*,,31.5,3840,2160,IPS LCD,26,0.24,0.15,250,,2024-09-12
LG,32BR85Q,32BR85Q-*,,31.5,2560,1440,IPS LCD,24.3,0.3,0.19,350,,2023-09-27
LG,32BU45VB-*,32BU45VB,,31.5,3840,2160,IPS LCD,29.02,0.14,0.12,350,,2026-06-26
LG,32U990A-#,32U990A,32BU950A|32BU950A-#,31.5,6144,3456,IPS LCD,50.17,0.59,0.27,450,,2026-03-26
LG,34BA75QE,34BA75QE-*,,34.1,3440,1440,IPS LCD,29.02,0.33,0.16,300,,2024-06-12
LG,34BA85QE,34BA85QE-*,,34.1,3440,1440,IPS LCD,29.02,0.33,0.15,300,,2024-06-12
LG,34BF550B-*,34BF550B,,34,2560,1080,IPS LCD,20.7,0.19,0.19,400,DisplayHDR 400,2025-11-25
LG,34BL650,34BL650-B,,34.1,2560,1080,IPS LCD,21.19,0.13,0.12,250,,2019-11-18
LG,34BN670,34BN670-*,,34.1,2560,1080,IPS LCD,17.76,0.16,0.16,400,,2020-06-02
LG,34BN670P,34BN670P-*,,34.1,2560,1080,IPS LCD,17.76,0.16,0.16,400,,2022-09-09
LG,34BN770,34BN770-*,,34.1,3440,1440,IPS LCD,25.66,0.19,0.16,300,,2020-05-12
LG,34BN780,34BN780-*,,34.1,3440,1440,IPS LCD,25.66,0.19,0.16,300,,2020-05-12
LG,34BQ650,34BQ650-*,,34.1,2560,1080,IPS LCD,20.46,0.2,0.2,350,,2022-09-21
LG,34BQ65VA-#,34BQ65VA,,34,3440,1440,IPS LCD,30.71,0.27,0.16,300,,2026-03-17
LG,34BQ680,34BQ680-*,,34.1,2560,1080,IPS LCD,20,0.22,0.23,383.2,,2022-06-21
LG,34BQ77QE-#,34BQ77QE,,34.1,3440,1440,IPS LCD,29.09,0.38,0.23,300,,2023-12-12
LG,34BR65F,34BR65F-*,,34.1,2560,1080,IPS LCD,17.76,0.16,0.16,400,,2023-06-28
LG,34WP500,34WP500-*,,34.1,2560,1080,IPS LCD,20.64,0.16,0.15,260,,2021-01-04
LG,34WP550,34WP550-*,,34.1,2560,1080,IPS LCD,20.64,0.16,0.15,260,,2021-01-04
LG,34WP65G,34WP65G-*,,34.1,2560,1080,IPS LCD,20.71,0.5,0.24,380,,2020-08-20
LG,34WQ500,34WQ500-*,,34.1,2560,1080,IPS LCD,17.24,0.14,0.14,350,,2022-02-21
LG,34WQ650,34WQ650-*,,34.1,2560,1080,IPS LCD,20.46,0.2,0.2,350,,2022-02-16
LG,34WQ65X,34WQ65X-*,,34.1,2560,1080,IPS LCD,20.46,0.2,0.2,350,,2022-02-16
LG,34WQ680,34WQ680-*,,34.1,2560,1080,IPS LCD,20,0.22,0.23,383.2,,2022-06-21
LG,34WQ68X,34WQ68X-*,,34.1,2560,1080,IPS LCD,20,0.22,0.23,383.2,,2022-06-21
LG,35BN75C,35BN75C-*,,35,3440,1440,IPS LCD,32.44,0.09,0.07,250,,2022-03-15
LG,35BN75CN,35BN75CN-*,,35,3440,1440,IPS LCD,32.44,0.09,0.07,250,,2022-03-15
LG,35BN77C,35BN77C-*,,35,3440,1440,IPS LCD,32.44,0.09,0.07,250,,2022-03-15
LG,35BN77CN,35BN77CN-*,,35,3440,1440,IPS LCD,32.44,0.09,0.07,250,,2022-03-15
LG,35BN77CP,35BN77CP-*,,35,3440,1440,IPS LCD,32.44,0.09,0.07,250,,2022-12-02
LG,38BN95C,"38BN95C-#38BN95C-# (# can be 'blank' or A~Z,Ex.:38BN95C-W)",38BN95C-#38BN95C-#,37.5,3840,1600,IPS LCD,44.51,0.28,0.05,400,DisplayHDR 600,2020-05-06
LG,38BP85C,38BP85C-*,,37.5,3840,1600,IPS LCD,33.53,0.13,0.08,250,,2021-07-16
LG,38BQ85C,38BQ85C-*,,37.5,3840,1600,IPS LCD,33.58,0.26,0.15,331.7,,2022-07-05
LG,38BQ88C,38BQ88C-*,,37.5,3840,1600,IPS LCD,34.35,0.24,0.15,326.6,,2022-05-30
LG,38BR85QC,38BR85QC-*,,37.5,3840,1600,IPS LCD,40.33,0.31,0.23,450,,2023-09-11
LG,38GN95B,38GN95B-B,,37.5,3840,1600,IPS LCD,40.87,0.36,0.19,450,DisplayHDR 600,2020-04-27
LG,38WR85QC,38WR85QC-*,,37.5,3840,1600,IPS LCD,40.33,0.31,0.23,450,,2023-09-11
LG,40WT95UF-#,40WT95UF,40B990##|40B990##-#|40U990##|40U990##-#,39.7,5120,2160,IPS LCD,43.57,0.6,0.21,450,,2025-04-10
LG,49BQ95C-##,49BQ95C,49BQ650B|49BQ650B-##|49WQ900G|49WQ900G-##|49WQ950G|49WQ950G-##,49,5120,1440,IPS LCD,54.53,0.36,0.27,400,,2026-05-21
Montronics,M238,M238,M097|M1001|M116|M12|M133|M140|M1503|M156|M15|M1700|M1703|M173|M185|M195|M19|M20|M215|M22|M236|M23|M240|M27|M28|M32|M385|M42|M43|M47|M49|M50|M55|M65|M700|M800|M85|SLT-1851|SLT-1852,23.8,1920,1080,IPS LCD,11.74,0.16,0.14,250,,2025-03-04
MSI,3CD9,MAG 27CQ6F,,27,2560,1440,VA LCD,17.72,0.34,0.09,250,,2024-01-17
MSI,3PA1,PRO MP242A,,23.8,1920,1080,TFT LCD,13.18,0.17,0.09,300,,2023-07-25
MSI,3PA2,PRO MP271A,,27,1920,1080,TFT LCD,16.47,0.18,0.1,250,,2023-07-25
MSI,3PB0,PRO MP2422C,,24,1920,1080,IPS LCD,12,0.16,0.14,280,,2023-07-07
MSI,3PB2,PRO MP341CQ,,34,3440,1440,VA LCD,28.97,0.34,0.3,300,,2022-05-31
MSI,3PB4,PRO MP273,,27,1920,1080,IPS LCD,14.24,0.21,0.09,280,,2022-05-26
MSI,3PB5,PRO MP243,,23.8,1920,1080,IPS LCD,11.62,0.17,0.09,280,,2022-05-26
MSI,3PB6,PRO MP273QV,,27,2560,1440,TFT-LCD,17.99,0.16,0.09,0,,2022-11-17
MSI,3PB8,Modern MD271UL,,27,3840,2160,TFT-LCD,22.13,0.27,0.19,300,,2023-02-14
MSI,3PC0,PRO MP245V,,23.8,1920,1080,VA LCD,13.7,0.14,0.09,250,,2023-08-29
MSI,3PC1,PRO MP245,,23.8,1920,1080,IPS LCD,11.56,0.12,0.11,300,,2023-09-21
MSI,3PC2,PRO MP251P,,24.5,1920,1080,VA LCD,12.74,0.15,0.13,250,,2023-08-29
MSI,3PC3,PRO MP275,,27,1920,1080,IPS LCD,15.17,0.12,0.12,250,,2023-09-20
MSI,3PC3,PRO MP275G,,27,1920,1080,IPS LCD,15.34,0.17,0.15,250,,2023-09-20
MSI,3PC3,PRO MP275Q,,26.7,2560,1440,IPS LCD,15.34,0.16,0.15,250,,2024-07-25
MSI,3PC4,PRO MP252,,24.5,1920,1080,IPS LCD,13.23,0.15,0.09,300,,2024-01-03
MSI,3PC6,PRO MP225,,21.5,1920,1080,IPS LCD,12.41,0.1,0.09,250,,2024-02-07
MSI,3PD2,PRO MP251 E2,,24.5,1920,1080,IPS LCD,12.08,0.12,0.11,250,,2024-07-02
MSI,3PF8,3PF8,,26.6,3840,2160,OLED,28.1,0.33,0.19,250,,2026-02-02
MSI,3PF9,3PF9,,26.6,3840,2160,OLED,27.8,0.36,0.2,250,,2026-02-02
MSI,Modern MD2412P,3PA5,,23.8,1920,1080,TFT-LCD,9.96,0.2,0.12,310,,2023-06-29
MSI,Modern MD2712P,3PA4,,27,1920,1080,TFT-LCD,15.45,0.21,0.13,300,,2023-08-15
MSI,Modern MD272QXP,3PB1,,27,2560,1440,TFT-LCD,16.1,0.3,0.18,400,,2023-08-11
MSI,Modern MD272UPHW,3PB1,,27,3840,2160,TFT-LCD,22.22,0.29,0.23,400,,2024-09-27
MSI,Modern MD272UPSW,3PB1,,27,3840,2160,TFT-LCD,25.37,1.35,,300,,2024-12-04
MSI,Modern MD272XP,3PB1,,27,1920,1080,TFT-LCD,15,0.5,0.26,300,,2023-05-18
MSI,Modern MD342CQP,3PC5,,34,3440,1440,TFT-LCD,28.78,0.11,0.1,300,,2024-08-07
MSI,PRO MAX 241PHW E14,3PF4,,23.8,1920,1080,TFT-LCD,11.3,0.28,0.17,300,,2026-01-14
MSI,PRO MAX 271PHW E14,3PF5,,27,1920,1080,TFT-LCD,14.38,0.3,0.19,300,,2026-01-05
MSI,PRO MAX 271QPHW E14,3PF5,,27,2560,1440,TFT-LCD,14.56,0.23,0.17,300,,2026-01-14
MSI,PRO MAX 271QPX14G,PRO MAX 271QPX14G,,26.7,2560,1440,OLED,21.3,0.36,0.23,200,,2026-04-24
MSI,PRO MAX 341QPXW14G,3PFB,,34,3440,1440,OLED,31.89,0.76,0.27,300,,2026-07-08
MSI,PRO MP161 E2,3PB7,,15.5,1920,1080,TFT-LCD,4.55,0.19,0.18,250,,2023-11-09
MSI,PRO MP161E6T,3PFE,,15.6,1920,1080,IPS LCD,7.1,0.41,0.35,250,,2026-06-12
MSI,PRO MP165 E6,3PE5,,15.6,1920,1080,IPS LCD,5.54,0.7,0.13,290,,2025-07-08
MSI,PRO MP223,3PB9,,22,1920,1080,VA LCD,11.35,0.12,0.07,280,,2023-04-14
MSI,PRO MP223 E2,3PB9,,21.5,1920,1080,TFT-LCD,10.75,0.11,0.07,250,,2024-07-31
MSI,PRO MP225 E12L,3PE0,,21.5,1920,1080,VA LCD,11.11,0.17,0.11,250,,2024-11-27
MSI,PRO MP241 E14V,3PE1,,23.8,1920,1080,TFT-LCD,11.45,0.16,0.11,250,,2025-06-04
MSI,PRO MP2412,3BA9,,23.8,1920,1080,TFT-LCD,11.35,0.11,0.07,310,,2023-06-01
MSI,PRO MP2412W,3BA9,,23.8,1920,1080,TFT-LCD,9.83,0.08,0.07,250,,2024-05-23
MSI,PRO MP242 E14A,3PD1,,23.8,1920,1080,IPS LCD,13.87,0.24,0.17,300,,2025-07-17
MSI,PRO MP242A E2,3PD1,,23.8,1920,1080,IPS LCD,10.67,0.23,0.16,300,,2024-07-05
MSI,PRO MP242L,3PD5,,23.8,1920,1080,IPS LCD,13.5,0.13,0.12,250,,2024-09-05
MSI,PRO MP242PM,3PD8,,23.8,1920,1080,IPS LCD,11.68,0.22,0.14,300,,2024-08-29
MSI,PRO MP243L E14,3PE1,,23.8,1920,1080,TFT-LCD,11.61,0.16,0.14,250,,2025-03-21
MSI,PRO MP243X,3PB5,,23.8,1920,1080,IPS LCD,11.34,0.17,0.1,300,,2023-04-17
MSI,PRO MP245 E14,3PE3,,23.8,1920,1080,IPS LCD,10.79,0.15,0.12,250,,2025-05-07
MSI,PRO MP245 E14VL,3PF1,,23.8,1920,1080,IPS LCD,11.89,0.15,0.13,250,,2025-10-16
MSI,PRO MP245H E14,3PE6,,23.8,1920,1080,IPS LCD,11.72,0.68,0,250,,2025-06-12
MSI,PRO MP245PD E14,3PF3,,23.8,1920,1080,IPS LCD,13.89,0.36,0.35,250,,2026-01-07
MSI,PRO MP245PH E14,3PF6,,23.8,1920,1080,IPS LCD,10.81,0.21,0.18,250,,2026-01-09
MSI,PRO MP251 E14A,3PD2,,24.5,1920,1080,IPS LCD,12,0.15,0.14,250,,2026-04-08
MSI,PRO MP251 E14L,3PD2,,24.5,1920,1080,IPS LCD,13.47,0.21,0.2,250,,2025-03-14
MSI,PRO MP251W E2,3PD4,,24.5,1920,1080,IPS LCD,12.54,0.15,0.1,250,,2024-10-11
MSI,PRO MP252 E2,3PC9,,24.5,1920,1080,IPS LCD,13.41,0.1,0.07,300,,2024-07-04
MSI,PRO MP252L,3PD7,,24.5,1920,1080,IPS LCD,12.44,0.13,0.12,300,,2024-09-05
MSI,PRO MP253,3PC7,,24.5,1920,1080,TFT-LCD,11.57,0.18,0.08,300,,2024-04-02
MSI,PRO MP271A E2,3PD0,,27,1920,1080,IPS LCD,14.19,0.22,0.15,300,,2024-07-05
MSI,PRO MP272L,3PD6,,27,1920,1080,IPS LCD,15.36,0.16,0.15,250,,2024-09-11
MSI,PRO MP272PM,3PD9,,27,1920,1080,IPS LCD,14.55,0.28,0.14,300,,2024-08-28
MSI,PRO MP273 E14A,3PB4,,27,1920,1080,TFT-LCD,11.44,0.13,0.08,250,,2025-06-24
MSI,PRO MP273 E14A,3PB4,,27,1920,1080,TFT-LCD,11.44,0.13,0.08,250,,2026-05-20
MSI,PRO MP273AP,3PB4,,27,1920,1080,IPS LCD,13.08,0.24,0.1,320,,2023-04-14
MSI,PRO MP273L E14,3PE2,,27,1920,1080,TFT-LCD,12.79,0.14,0.12,250,,2025-04-25
MSI,PRO MP273Q E14,3PE2,,27,2560,1440,TFT-LCD,17.54,0.21,0.14,300,,2025-10-16
MSI,PRO MP273Q E7,3PB4,,27,2560,1440,TFT-LCD,13.3,0.19,0.13,250,,2025-07-29
MSI,PRO MP273QP E14,3PE2,,27,2560,1440,TFT-LCD,16.24,0.2,0.14,300,,2026-04-15
MSI,PRO MP273QP E2,3PB6,,26.9,2560,1440,TFT-LCD,14,0.2,0.13,400,,2024-04-11
MSI,PRO MP273U,3PB4,,27,3840,2160,TFT-LCD,21.16,0.15,0.09,300,,2024-05-23
MSI,PRO MP275 E14,3PE4,,27,1920,1080,IPS LCD,13.32,0.14,0.12,250,,2025-05-07
MSI,PRO MP275 E14L,3PF0,,27,1920,1080,IPS LCD,12.83,0.14,0.11,250,,2025-10-16
MSI,PRO MP275 E2,3PD3,,27,1920,1080,IPS LCD,13.77,0.15,0.1,250,,2024-08-22
MSI,PRO MP275PH E14,3PF7,,27,1920,1080,IPS LCD,12.49,0.54,0.24,250,,2026-01-05
MSI,PRO MP275Q E14,3PF2,,27,2560,1440,IPS LCD,12.27,0.17,0.15,250,,2025-12-01
MSI,PRO MP275QPD,3PC8,,27,2560,1440,IPS LCD,18.87,0.42,0.3,250,,2024-08-23
MSI,PRO MP321UP6,3PFG,,31.5,3840,2160,TFT-LCD,25.18,0.2,0.11,300,,2026-07-27
MSI,PRO MP341CQPHGN E12,3PFA,,34,3440,1440,VA LCD,25.09,0.33,0.2,300,,2026-03-26
MSI,PRO MP341CQW E12,3PB2,,34,3440,1440,IPS LCD,29.15,0.22,0.11,300,,2025-11-12
MSPTECH,MSPTECH S215W,MSPTECH S215W,,21.5,1920,1080,TN LCD,13.3,0.15,0.1,300,,2021-04-29
PHILIPS,162B9,162B9T,162B9TN,15.6,768,1366,TFT LCD,7.03,0.34,0.16,220,,2019-10-23
PHILIPS,16B1P33,16B1P3300,,15.6,1920,1080,IPS LCD,8.15,0.29,0.27,250,,2022-05-10
PHILIPS,16B1P330,16B1P3302,,15.6,1920,1080,TFT LCD,6.17,0.08,0.06,250,,2022-05-31
PHILIPS,16B1P3302D,16B1P3302D,,15.6,1920,1080,TFT LCD,6.01,0.42,0.19,250,,2023-03-16
PHILIPS,170S9,170S9,170S9A|170S9A3|170S9AW|170S9AW3,17,1024,1280,TN LCD,8.87,0.22,0.18,300,,2019-12-23
PHILIPS,172B9,172B9T,172B9TL|172B9TN,17,1024,1280,TFT LCD,9.14,0.26,0.15,250,,2019-12-23
PHILIPS,19S4Q,19S4QAB,19B4LCS5|19B4L|19P4QYEB|19P4Q|19S4QAB3|19S4QAW|19S4QAW3,19,1024,1280,TN LCD,11.13,0.17,0.12,250,,2019-12-23
PHILIPS,221B8L,221B8LJEB,221B8LHEB,21.5,1080,1920,TN LCD,13.27,0.25,0.2,250,,2020-02-20
PHILIPS,221S8L,221S8LSB,221S8LDAB|221S8LDAW|221S8LDSB|221S8LHSB,21.5,1080,1920,TN LCD,13.04,0.24,0.22,250,,2020-02-28
PHILIPS,221V8,221V8,220V8|220V8L|220V8L5|220V8LL|221S9A|221S9|221V8A|221V8AB|221V8L|221V8LD|221V8LW|222V8LA|222V8,21.5,1920,1080,TFT LCD,13.3,0.17,0.17,240,,2020-12-30
PHILIPS,222B1,222B1TC,,21.5,1920,1080,IPS LCD,13.01,0.22,0.17,250,,2021-03-29
PHILIPS,222B9,222B9T,222B9TA|222B9TAN|222B9TN,21.5,1920,1080,TN LCD,15.96,0.17,0.14,250,,2020-05-07
PHILIPS,222S1,222S1AE,,21.5,1080,1920,TFT LCD,11.7,0.22,0.17,250,,2020-07-13
PHILIPS,222S9JML,222S9JML,222S9,21.5,1920,1080,VA LCD,13.3,0.3,0.2,250,,2024-01-15
PHILIPS,223S7E,223S7EHMB,223S7EHSB|223S7EJMB|223S7EYMB,21.5,1080,1920,IPS LCD,13.52,0.18,0.1,200,,2020-01-16
PHILIPS,223S9,223S9A,223S9AE,21.5,1920,1080,IPS LCD,13.51,0.16,0.16,250,,2023-03-01
PHILIPS,223V7QJAB,223V7QJAB,223V7Q|223V7QJAW,21.5,1920,1080,TFT LCD,11.31,0.11,0.08,250,,2023-08-14
PHILIPS,22B2N21,22B2N2100,22B2N2100A,21.5,1920,1080,IPS LCD,12.56,0.16,0.13,300,,2026-07-06
PHILIPS,22B2N2100LW,22B2N2100LW,22B2N21|22B2N2100L,21.5,1920,1080,TFT LCD,10.5,0.19,0.19,250,,2024-07-02
PHILIPS,22B2N32,22B2N32,22B2N3200A,21.5,1920,1080,TFT LCD,12.19,0.13,0.13,300,,2026-07-22
PHILIPS,22B2U2300E,22B2U2300E,22B2U2300|22B2U23,21.5,1920,1080,IPS LCD,13.29,0.24,0.24,350,,2026-08-13
PHILIPS,22E1N11,22E1N11,22E1N1100,21.5,1920,1080,ADS,12.35,0.12,0.11,250,,2025-04-17
PHILIPS,22E1N12,22E1N12,22E1N1200A|22E1N1200AW,21.5,1920,1080,IPS LCD,12.94,0.12,0.11,250,,2024-12-23
PHILIPS,22E2N11,22E2N11,22E2N1100,21.5,1920,1080,TFT LCD,11.81,0.11,0.1,250,,2025-12-24
PHILIPS,230B8Q,230B8QJEB,,22.5,1200,1920,TFT LCD,13.57,0.2,0.15,250,,2020-01-16
PHILIPS,240B7Q,240B7QPJEB,240B7QPTEB,23.8,1200,1920,TFT LCD,12.18,0.15,0.13,300,,2020-01-08
PHILIPS,240B9,240B9,,24,1920,1200,IPS LCD,12.14,0.23,0.14,300,,2020-11-20
PHILIPS,241B7Q,241B7QPJEB,241B7QGJEB|241B7QPJKEB|241B7QPTEB|241B7QUBHEB|241B7QUPEB,23.8,1920,1080,IPS LCD,13.19,0.18,0.13,250,,2019-12-04
PHILIPS,241B7QU,241B7QUPBEB,,23.8,1920,1080,IPS LCD,12.89,0.2,0.18,250,,2024-03-14
PHILIPS,241B8Q,241B8QJEB,,23.8,1080,1920,IPS LCD,14.21,0.27,0.16,250,,2019-12-27
PHILIPS,241E1,241E1S,,23.8,1080,1920,TFT LCD,11.61,0.14,0.11,250,,2019-12-24
PHILIPS,241E2FD,241E2,,23.8,1920,1080,IPS LCD,11.52,0.16,0.13,300,,2021-04-08
PHILIPS,241S4L,241S4LSS,241S4LCB|241S4LCS|241S4LSB,24,1080,1920,TN LCD,14.64,0.12,0.1,250,,2020-01-16
PHILIPS,241V8,241V8,241S9|241S9A|241V8B,23.8,1920,1080,TFT LCD,12.91,0.15,0.14,250,,2020-06-22
PHILIPS,241V8,241V8L,241V8LA,23.8,1920,1080,IPS LCD,14.37,0.12,0.13,250,,2020-11-27
PHILIPS,242B1,242B1,242B1H|242B1V,23.8,1080,1920,TFT LCD,14.44,0.25,0.15,350,,2020-01-16
PHILIPS,242B1,242B1G,,23.8,1920,1080,IPS LCD,12.79,0.23,0.16,250,,2020-11-03
PHILIPS,242B1,242B1TC,,23.8,1920,1080,IPS LCD,15.47,0.3,0.18,250,,2020-12-31
PHILIPS,242B9,242B9T,242B9TL|242B9TN,23.8,1920,1080,IPS LCD,15.86,0.3,0.22,250,,2019-08-28
PHILIPS,242E1,242E1GAEZ,242E1GEZ,23.8,1920,1080,TFT LCD,13.92,0.22,0.17,250,,2020-09-18
PHILIPS,242E1,242E1GAJ,242E1GSJ,23.8,1080,1920,TFT LCD,13.7,0.2,0.18,300,,2020-08-13
PHILIPS,242E2,242E2F,242E2FA|242E2FE,23.8,1080,1920,IPS LCD,12.19,0.19,0.15,300,,2020-07-06
PHILIPS,242S1AE,242S1,242S1E,23.8,1080,1920,IPS LCD,13.53,0.23,0.18,250,,2020-04-02
PHILIPS,242S9,242S9JML,242S9AL|242S9JAL|242S9JMLE,23.8,1920,1080,VA LCD,13.74,0.14,0.1,300,,2022-08-04
PHILIPS,242V8,242V8A,242V8AB|242V8LA,23.8,1080,1920,IPS LCD,13.59,0.13,0.07,250,,2019-11-15
PHILIPS,243B1,243B1,,23.8,1080,1920,IPS LCD,15.18,0.23,0.22,200,,2019-12-04
PHILIPS,243B1J,243B1JH,,23.8,1920,1080,IPS LCD,14.17,0.29,0.27,250,,2020-12-17
PHILIPS,243B9,243B9,243B9H,23.8,1080,1920,IPS LCD,14.99,0.24,0.21,250,,2020-01-13
PHILIPS,243B9T,243B9TL,,23.8,1920,1080,TFT LCD,17.18,0.2,0.22,205,,2021-05-21
PHILIPS,243S1,243S1,,23.8,1920,1080,IPS LCD,13.93,0.23,0.22,250,,2021-11-02
PHILIPS,243S7E,243S7EHMB,243S7EJMB|243S7EYMB,23.8,1080,1920,IPS LCD,12.84,0.25,0.12,250,,2020-01-16
PHILIPS,243S9,243S9A,,23.8,1080,1920,IPS LCD,13.49,0.24,0.22,250,,2020-05-26
PHILIPS,243V7Q,243V7QSB,243V7QDAB|243V7QDABF|243V7QDABP|243V7QDAW|243V7QDSB|243V7QDSBF|243V7QDSBP|243V7QJAB|243V7QJABF|243V7QJABP|243V7QJAW|243V7QSBF|243V7QSBP|243V7QSW|243V7QSWP,23.8,1080,1920,IPS LCD,14.13,0.15,0.11,200,,2019-12-24
PHILIPS,245B1,245B1,,23.8,2560,1440,TFT LCD,18.21,0.23,0.18,250,,2019-12-27
PHILIPS,245S1,245S1AE,,23.8,2560,1440,TFT LCD,15.37,0.2,0.19,250,,2021-05-10
PHILIPS,246B1,246B1LN,,23.8,2560,1440,IPS LCD,16.54,0.23,0.22,250,,2020-08-10
PHILIPS,246E9Q,246E9QSB,246E9Q2HSB|246E9Q2HSW|246E9QDSB|246E9QDSW|246E9QHSB|246E9QHSW|246E9QJAB|246E9QJAW|246E9QSW|247E9QHSB|247E9Q|247E9QHSW|247E9QSW,23.8,1080,1920,IPS LCD,13.04,0.18,0.14,250,,2020-01-14
PHILIPS,24B1U53,24B1U5301H,,23.8,1920,1080,IPS LCD,15.22,0.28,0.27,300,,2022-09-23
PHILIPS,24B2D5300,24B2D5300,,23.8,3840,1080,TFT LCD,23.88,0.4,0.23,300,,2026-03-19
PHILIPS,24B2G5200,24B2G5200,,23.8,1920,1080,IPS LCD,8.74,0.19,0.12,250,,2024-10-28
PHILIPS,24B2G5301,24B2G5301,,23.8,1920,1080,IPS LCD,14.18,0.22,0.2,300,,2024-11-22
PHILIPS,24B2N15,24B2N15,24B2N1500,23.8,2560,1440,IPS LCD,15.08,0.17,0.14,350,,2026-08-12
PHILIPS,24B2N21,24B2N21,24B2N2100A|24B2N2100F,23.8,1920,1080,TFT LCD,13.19,0.13,0.11,350,,2026-06-01
PHILIPS,24B2N2100,24B2N2100,,23.8,1920,1080,IPS LCD,12.21,0.16,0.13,250,,2024-07-17
PHILIPS,24B2N22,24B2N2200,,23.8,1920,1080,IPS LCD,11.42,0.14,0.12,300,,2025-07-28
PHILIPS,24B2N2200GW,24B2N2200GW,24B2N2200G,23.8,1920,1080,TFT LCD,13.37,0.15,0.14,250,,2026-03-19
PHILIPS,24B2N32,24B2N32,24B2N3200JH,23.8,1920,1080,TFT LCD,13.09,0.21,0.2,300,,2025-12-01
PHILIPS,24B2N32,24B2N32,24B2N3200J|24B2N3270J,23.8,1920,1080,TFT LCD,12.14,0.16,0.13,300,,2025-05-02
PHILIPS,24B2N32,24B2N3200D,,24.1,1920,1200,IPS LCD,12.69,0.25,0.18,300,,2025-08-04
PHILIPS,24B2N3200,24B2N3200,24B2N32,23.8,1920,1080,IPS LCD,13.42,0.16,0.11,300,,2024-11-29
PHILIPS,24B2N3200A,24B2N3200A,24B2N32,23.8,1920,1080,IPS LCD,11.91,0.13,0.12,350,,2026-06-17
PHILIPS,"24B2N4200,24B2N42","24B2N4200,24B2N42",24B2N4200|24B2N42,23.8,1920,1080,TFT LCD,11.97,0.18,0.23,300,,2025-04-24
PHILIPS,24B2U2300E,24B2U2300E,24B2U2300|24B2U23,23.8,1920,1080,IPS LCD,14.58,0.27,0.21,350,,2026-07-08
PHILIPS,"24B2U3301,24B2U33","24B2U3301,24B2U33",24B2U3301|24B2U33,23.8,1920,1080,TFT LCD,13.53,0.74,0.21,300,,2025-03-02
PHILIPS,24B2U3301D,24B2U3301D,,24.1,1920,1200,IPS LCD,17.72,0.22,0.21,300,,2025-07-17
PHILIPS,24B2U3301H,24B2U3301H,24B2U33,23.8,1920,1080,TFT LCD,14.36,0.68,0.18,300,,2026-03-04
PHILIPS,24B2U3301H,24B2U3301H,24B2U33,23.8,1920,1080,TFT LCD,14.36,0.68,0.18,300,,2026-03-19
PHILIPS,24B2U36,24B2U36,24B2U3601,23.8,2560,1440,TFT LCD,17.38,0.72,0.17,350,,2025-12-09
PHILIPS,24B2U4301,24B2U4301,24B2U43,23.8,1920,1080,TFT LCD,14.83,0.67,0.21,300,,2025-05-02
PHILIPS,24B2U4301H,24B2U4301H,24B2U43,23.8,1920,1080,IPS LCD,14.87,0.74,0.19,350,,2026-03-24
PHILIPS,24E1N1100A,24E1N1100A,24E1N11|24E1N1100AW|24E1N1190A|24E1N1300A|24E1N13|24E1N1300AE|24E1N1300AM|24E1N2300AE|24E1N23,23.8,1920,1080,IPS LCD,15.02,0.22,0.19,250,,2024-06-11
PHILIPS,24E1N1200A,24E1N1200A,24E1N12|24E1N1200AW,23.8,1920,1080,IPS LCD,13.32,0.37,0.3,250,,2024-06-28
PHILIPS,24E2N11,24E2N1110,,23.8,1920,1080,IPS LCD,11.52,0.13,0.11,250,,2024-09-09
PHILIPS,252B9,252B9,,25,1200,1920,IPS LCD,14.7,0.24,0.17,250,,2020-01-16
PHILIPS,255P1,255P1FN,,25,2560,1440,IPS LCD,15.85,0.2,0.16,400,,2020-07-27
PHILIPS,256P1,256P1FR,,25,2560,1440,IPS LCD,18.19,0.3,0.3,400,,2020-07-27
PHILIPS,271S7Q,271S7QJMB,,27,1080,1920,IPS LCD,14.6,0.17,0.12,250,,2020-01-16
PHILIPS,271V8,271V8,271S9|271S9A|271V8B,27,1920,1080,IPS LCD,14.11,0.1,0.09,250,,2021-05-11
PHILIPS,272B1,272B1,272B1G,27,1080,1920,TFT LCD,14.55,0.25,0.2,250,,2020-02-17
PHILIPS,272B1,272B1G,,27,1920,1080,IPS LCD,13.05,0.23,0.15,250,,2020-12-03
PHILIPS,272B7Q,272B7QPJEB,272B7QPTKEB,27,1440,2560,IPS LCD,19.68,0.3,0.24,400,,2019-12-04
PHILIPS,272B7QU,272B7QUPBEB,272B7QUBHEB,27,1440,2560,IPS LCD,19.02,0.21,0.2,400,,2019-12-04
PHILIPS,272E2,272E2F,272E2FA|272E2FE,27,1920,1080,TFT LCD,15.15,0.19,0.13,300,,2020-07-29
PHILIPS,272P7V,272P7VPTKEB,,27,2160,3840,IPS LCD,22.43,0.24,0.21,300,,2020-04-27
PHILIPS,272P7VU,272P7VUBNB,,27,2160,3840,TFT LCD,22.99,0.21,0.2,300,,2020-04-08
PHILIPS,272S1,272S1E,272S1AE|272S1M|272S1MH,27,1080,1920,TFT LCD,16.15,0.2,0.16,250,,2020-04-29
PHILIPS,272S9J,272S9JAL,,27,1920,1080,VA LCD,16.07,0.19,0.17,300,,2022-07-22
PHILIPS,272V8,272V8A,,27,1080,1920,IPS LCD,14.59,0.16,0.1,250,,2020-04-27
PHILIPS,273B9,273B9,,27,1080,1920,IPS LCD,16.03,0.2,0.19,250,,2019-12-23
PHILIPS,273S1,273S1,,27,1920,1080,IPS LCD,17.14,0.21,0.19,250,,2022-12-29
PHILIPS,275B1,275B1,275B1H|275B1N,27,1440,2560,IPS LCD,18,0.25,0.19,289.9,,2020-01-16
PHILIPS,275E2,275E2F,275E2FAE|275E2FE,27,2560,1440,TFT LCD,19.07,0.19,0.18,350,,2020-09-03
PHILIPS,275P1,275P1FR,,27,1440,2560,IPS LCD,18.94,0.22,0.17,450,,2020-07-13
PHILIPS,275S1,275S1E,275S1AE,27,2560,1440,IPS LCD,19.51,0.16,0.15,350,,2020-05-27
PHILIPS,275S9,275S9JAL,,27,2560,1440,VA LCD,17.84,0.37,0.23,300,,2022-07-22
PHILIPS,275S9,275S9JML,,27,2560,1440,VA LCD,18.87,0.19,0.23,300,,2023-03-20
PHILIPS,276B1,276B1,,27,2560,1440,IPS LCD,19.41,0.27,0.23,300,,2020-08-02
PHILIPS,276B1,276B1JH,,27,2560,1440,IPS LCD,16.73,0.28,0.24,250,,2020-12-03
PHILIPS,276B9,276B9,276B9H|276S9A|276S9,27,1440,2560,IPS LCD,18.25,0.22,0.22,350,,2020-10-16
PHILIPS,276E8V,276E8VJSB,,27,2160,3840,VA LCD,19.51,0.17,0.13,350,,2020-01-14
PHILIPS,276E9Q,276E9QSB,276E9QDSB|276E9QHSW|276E9QJAB|276E9QSW,27,1080,1920,TFT LCD,15.5,0.19,0.14,250,,2020-01-14
PHILIPS,276P1,276P1FR,,27,2560,1440,TFT LCD,23.16,0.24,0.2,400,,2021-03-04
PHILIPS,278B1,278B1N,,27,2160,3840,TFT LCD,24.12,0.2,0.15,350,,2020-03-06
PHILIPS,278E1,278E1A,,27,2160,3840,TFT LCD,20.22,0.22,0.18,450,,2019-10-09
PHILIPS,278E2,278E2FE,,27,3840,2160,TFT LCD,25.43,0.14,0.12,350,,2020-11-09
PHILIPS,278P1,278P1FR,,27,2160,3840,TFT LCD,24.65,0.25,0.16,400,,2020-07-13
PHILIPS,279C9,279C9,,27,2160,3840,TFT LCD,25.72,0.18,0.16,400,DisplayHDR 400,2020-06-09
PHILIPS,279P1,279P1,,27,2160,3840,TFT LCD,25.89,0.25,0.21,300,,2020-08-06
PHILIPS,279P1B,279P1B,279P1,27,3840,2160,TFT LCD,33.37,0.19,0.17,300,DisplayHDR 400,2022-06-20
PHILIPS,279P1F,279P1FR,,27,3840,2160,IPS LCD,24.96,0.2,0.16,400,,2021-02-23
PHILIPS,27B1N38,27B1N3800,27B1N3800E,27,3840,2160,IPS LCD,22.85,0.18,0.14,350,,2024-07-26
PHILIPS,27B1N55,27B1N5500B,,27,2560,1440,IPS LCD,21.24,0.13,0.12,350,,2023-12-19
PHILIPS,27B1U39,27B1U3900,,27,3840,2160,IPS LCD,25.5,0.38,0.19,350,,2024-08-14
PHILIPS,27B1U39,27B1U3900L,,27,3840,2160,IPS LCD,24.5,0.21,0.2,350,,2024-04-10
PHILIPS,27B1U56,27B1U5601H,,27,2560,1440,TFT LCD,20.36,0.28,0.26,300,,2022-08-22
PHILIPS,27B2G5200,27B2G5200,,27,1920,1080,IPS LCD,9.25,0.17,0.1,300,,2024-10-28
PHILIPS,27B2G5500,27B2G5500,,27,2560,1440,IPS LCD,11.11,0.17,0.17,300,,2024-08-26
PHILIPS,27B2G5601,27B2G5601,,27,2560,1440,IPS LCD,15.84,0.21,0.2,300,,2024-11-19
PHILIPS,27B2N2100,27B2N2100,,27,1920,1080,IPS LCD,13.48,0.17,0.14,250,,2024-07-17
PHILIPS,27B2N2100A,27B2N2100A,27B2N21,27,1920,1080,TFT LCD,13.86,0.1,0.1,350,,2026-05-26
PHILIPS,27B2N2100F,27B2N2100F,27B2N21,27,1920,1080,TFT LCD,14.65,0.13,0.11,350,,2026-06-30
PHILIPS,27B2N22,27B2N2200,,27,1920,1080,IPS LCD,14.56,0.13,0.12,350,,2026-06-09
PHILIPS,27B2N2200G,27B2N2200GW,,27,1920,1080,TFT LCD,14.51,0.14,0.13,300,,2026-03-19
PHILIPS,27B2N3200A,27B2N3200A,27B2N32,27,1920,1080,IPS LCD,14.56,0.13,0.12,350,,2026-04-15
PHILIPS,27B2N3200J,27B2N3200J,27B2N32|27B2N3270J,27,1920,1080,TFT LCD,13.85,0.16,0.12,350,,2026-05-29
PHILIPS,27B2N35,27B2N3500G,,27,2560,1440,TFT LCD,17.85,0.18,0.15,350,,2026-03-04
PHILIPS,27B2N35,27B2N3500G,,27,2560,1440,TFT LCD,17.85,0.18,0.15,350,,2026-03-20
PHILIPS,27B2N35,27B2N3500J,,27,2560,1440,TFT LCD,21.7,0.18,0.14,350,,2025-05-16
PHILIPS,27B2N3500,27B2N3500,27B2N35,27,2560,1440,IPS LCD,17.25,0.14,0.13,350,,2026-04-09
PHILIPS,27B2N45,27B2N4500,,27,2560,1440,TFT LCD,14.94,0.23,0.19,350,,2025-04-29
PHILIPS,27B2U23,27B2U2300E,,27,1920,1080,IPS LCD,16.06,0.32,0.26,350,,2026-07-07
PHILIPS,27B2U3301,27B2U3301,27B2U33,27,1920,1080,TFT LCD,18.61,0.37,0.26,350,,2026-05-29
PHILIPS,27B2U35,27B2N3500JH,,27,2560,1440,TFT LCD,18.3,0.22,0.21,350,,2026-01-05
PHILIPS,27B2U36,27B2U3601,,27,2560,1440,IPS LCD,23.43,0.9,0.21,350,,2025-03-20
PHILIPS,27B2U36,27B2U3601H,,27,2560,1440,TFT LCD,21.12,0.87,0.24,350,,2025-12-30
PHILIPS,27B2U46,27B2U4601,,27,2560,1440,IPS LCD,19.5,0.74,0.2,350,,2025-02-17
PHILIPS,27B2U4601H,27B2U4601H,27B2U46,27,2560,1440,TFT LCD,22.33,0.62,0.36,350,,2026-03-20
PHILIPS,27B2U69,27B2U6903,,27,3840,2160,IPS LCD,28.6,1.21,0.37,350,,2024-07-22
PHILIPS,27B2W56,27B2W5600,,27,2560,1440,TFT LCD,20.01,0.26,0.21,350,,2025-06-26
PHILIPS,27E1N1100A,27E1N1100A,27E1N11|27E1N1100AB|27E1N1100AW|27E1N1190A|27E1N1300A|27E1N13|27E1N1300AE|27E1N1300AM|27E1N2300AE|27E1N23,27,1920,1080,IPS LCD,15.91,0.22,0.22,250,,2024-06-11
PHILIPS,27E1N1200A,27E1N1200A,27E1N12|27E1N1200AW,27,1920,1080,IPS LCD,15.07,0.34,0.27,250,,2024-06-28
PHILIPS,27E1N1600AE,27E1N1600AE,27E1N16|27E1N1600AM|27E1N2600AE|27E1N26,27,2560,1440,IPS LCD,22.02,0.3,0.2,350,,2024-07-05
PHILIPS,27E1N8900,27E1N89,,26.9,3840,2160,OLED,26.49,0.42,0.12,540,,2022-02-23
PHILIPS,27E2F79,27E2F7901,,27,3840,2160,IPS LCD,26.83,0.24,0.2,400,DisplayHDR 400,2023-05-31
PHILIPS,27E2F7901D,27E2F7901D,27E2F79,27,3840,2160,IPS LCD,22.18,0.22,0.18,450,DisplayHDR 600,2026-05-04
PHILIPS,27E2N11,27E2N1110,,27,1920,1080,IPS LCD,13.97,0.12,0.11,300,,2025-09-27
PHILIPS,27E3U79,27E3U7903,,27,5120,2880,IPS LCD,37.76,2.12,0.28,500,DisplayHDR 600,2025-07-23
PHILIPS,288B9,288B9RN,,28,2160,3840,TFT LCD,22.48,0.18,0.15,300,,2020-06-17
PHILIPS,288E2E,288E2,288E2A|288E2UAE,28,2160,3840,TFT LCD,27.6,0.19,0.14,300,,2020-04-29
PHILIPS,288P6L,288P6LJEB,288B9N|288B9|288P6LJEB1,28,2160,3840,TFT LCD,25.1,0.27,0.23,350,,2020-01-08
PHILIPS,322E2G,322E2GCEZ,,31.5,1920,1080,TET LCD,26.15,0.13,0.11,250,,2021-01-19
PHILIPS,328P6A,328P6AUBREB,328P6AJREB,31.5,1440,2560,VA LCD,23.72,0.97,0.18,450,,2020-02-28
PHILIPS,328P6V,328P6VJEB,,31.5,2160,3840,TFT LCD,31.71,0.21,0.18,300,,2020-02-28
PHILIPS,328P6V,328P6VUBREB,328P6VU,31.5,2160,3840,IPS LCD,39.73,0.41,0.36,400,DisplayHDR 600,2020-04-27
PHILIPS,329P1,329P1RN,329P1H|329P1HTAA,31.5,3840,2169,VA LCD,30.35,0.21,0.18,250,,2020-10-21
PHILIPS,329P9,329P9H,,31.5,2160,3840,IPS LCD,33.95,0.24,0.24,250,,2020-01-16
PHILIPS,32B2N35,32B2N3500,,31.5,2560,1440,TFT LCD,20.05,0.17,0.15,350,,2025-07-24
PHILIPS,32B2U36,32B2U3601,32B2U3601H,31.5,2560,1440,IPS LCD,25.8,0.4,0.18,350,,2025-07-28
PHILIPS,32BDL4650D,32BDL4650D,,31.5,1920,1080,TFT LCD,30.82,0.75,0,400,,2023-05-18
PHILIPS,345E2,345E2AE,,34,1440,3440,TFT LCD,26.09,0.19,0.16,250,,2020-07-16
PHILIPS,346B1,346B1C,345B1C|345B1|345B1CR|346B1CA|346B1CH|346B1CR,34,1440,3440,TFT LCD,28.36,0.21,0.18,400,,2020-01-14
PHILIPS,346E2C,346E2CUAE,346E2CTAA,34,3440,1440,TFT LCD,31.81,0.31,0.25,300,,2020-10-27
PHILIPS,346P1,346P1CRH,,34,1440,3440,TFT LCD,34.06,0.27,0.25,400,DisplayHDR 400,2020-01-06
PHILIPS,34B1U56,34B1U5600CH,,34,3440,1440,VA LCD,34.73,0.28,0.28,300,DisplayHDR 400,2022-09-02
PHILIPS,34B2N3500C,34B2N3500C,34B2N35,34,3440,1440,VA LCD,28.73,0.2,0.17,400,,2026-03-05
PHILIPS,34B2U36,34B2U3600C,34B2U3600CH|34B2U3600HW|34B2U3670C,34,3440,1440,VA LCD,28.19,0.88,0.29,350,,2024-12-17
PHILIPS,34B2U5600C,34B2U5600C,34B2U56,34,3440,1440,VA LCD,29.12,0.87,0.26,350,,2024-05-14
PHILIPS,34B2U5900C,34B2U5900C,34B2U59,34,5120,2160,TFT LCD,37.35,1.4,0.2,350,,2026-03-20
PHILIPS,34B2U6603CH,34B2U6603CH,34B2U66,34,3440,1440,VA LCD,32.14,1.95,0.36,450,DisplayHDR 400,2024-06-06
PHILIPS,40B1U56,40B1U5601H,40B1U5600,39.5,3440,1440,IPS LCD,38.24,0.27,0.23,500,DisplayHDR 400,2022-12-01
PHILIPS,40B1U69,40B1U6903CH,,40,5120,2160,IPS LCD,57.05,0.5,0.31,300,,2023-04-14
PHILIPS,439P1,439P1,,43,3840,2160,IPS LCD,48.75,0.28,0.26,400,DisplayHDR 400,2021-03-30
PHILIPS,43BDL3117P,43BDL3117P,,43,3840,2160,TFT LCD,74.98,0.82,0,700,,2022-11-07
PHILIPS,45B1U69,45B1U6900C,45B1U6900CH,44.5,5120,1440,VA LCD,44.47,0.29,0.2,500,,2023-03-17
PHILIPS,498P9,498P9,,49,1440,5120,TFT LCD,43.26,0.21,0.2,450,,2020-04-29
PHILIPS,498P9,498P9Z,,49,1440,5120,TFT LCD,51.12,0.37,0.23,450,,2021-06-07
PHILIPS,499P9,499P9H,499P9H1,49,1440,5120,VA LCD,41.25,0.29,0.26,450,DisplayHDR 400,2020-01-16
PHILIPS,49B2U5300C,49B2U5300C,49B2U53,49,3840,1080,VA LCD,33.72,0.88,0.18,400,DisplayHDR 400,2024-07-09
PHILIPS,49B2U59,49B2U59,49B2U5900AM|49B2U5900CH,48.8,5120,1440,VA LCD,44.24,0.66,0.16,500,DisplayHDR 400,2023-10-10
PHILIPS,49B2U5900C,49B2U5900C,49B2U5900AM|49B2U59|49B2U5900CH,49,5120,1440,VA LCD,52.27,0.37,0.21,500,DisplayHDR 400,2025-09-30
PHILIPS,49B2U69,49B2U6900CH,,48.8,5120,1440,VA LCD,47.42,0.29,0.02,450,DisplayHDR 400,2023-10-26
PHILIPS,49B2U6903CH,49B2U6903CH,49B2U69,48.8,5120,1440,VA LCD,41.85,1.94,0.48,400,DisplayHDR 400,2024-06-18
PHILIPS,50BDL3117P,50BDL3117P,,50,3840,2160,TFT LCD,101.9,0.79,0,700,,2022-11-07
PHILIPS,55BDL3117P,55BDL3117P,,55,3840,2160,TFT LCD,120.33,0.9,0,700,,2022-11-07
PHILIPS,65BDL3117P,65BDL3117P,,65,3840,2160,TFT LCD,151.86,0.79,0,700,,2022-11-07
PHILIPS,65BDL4650D,65BDL4650D,,64.5,3840,2160,TFT LCD,124.21,0.73,0,500,,2023-05-18
PLANAR,2E0I1,2E0I1,2E0I1yyyyy,85.5,3840,2160,IPS LCD,130.45,0.52,,500,,2026-01-09
PLANAR,PCT2275,PCT2275,PCT22*****,21.5,1920,1080,IPS LCD,11.3,0.12,0.09,250,,2025-11-10
PLANAR,PCT2735Q,PCT2735Q,,27,2560,1440,TN LCD,19.57,0.35,0.23,360,,2024-10-17
PLANAR,PLN2501,"25"" LCD Monitor",PLN25*****,24.5,1920,1080,IPS LCD,13.13,0.16,0.14,301.1,,2024-05-09
PLANAR,PM16-S,PM16-S,PM16*****|PM16-*,11.6,1366,768,IPS LCD,4.3,0.23,0.22,250,,2026-01-08
PLANAR,PZN3815Q,PZN3815Q,PZN38*****|PZN3815***,37.5,3840,1600,IPS LCD,28.56,0.28,0.18,300,,2026-01-08
Ricoh,RICOH Portable Monitor 150BW,RICOH Portable Monitor 150BW,,15.6,1920,1080,OLED,7.6,0.27,,400,,2023-02-06
Samsung,F24T450FZN,F24T450FZN,F24T450FZ*|F24T454FZ*|F24T454FZN,23.8,1920,1080,IPS LCD,12,0.5,0.5,350,,2021-05-17
Samsung,F24T450GYN,F24T450GYN,F24T450GY*|F24T454GY*|F24T454GYN,24.8,1920,1200,PLS,14,0.5,0.5,300,,2021-06-27
Samsung,F27T450FQN,F27T450FQN,F27T450FQ*|F27T452FQ*|F27T452FQN|F27T454FQ*|F27T454FQN|LF27T450FQNX**|LF27T452FQNX**,27,1920,1080,IPS LCD,13.5,0.15,0.15,380,,2020-05-11
Samsung,F27T450FZN,F27T450FZN,F27T450FZ*,27,1920,1080,IPS LCD,14,0.5,0.5,280,,2021-05-14
Samsung,"LS24A40*******(where “*” can be 0-9, A-Z, a-z or blank)","S24A40****(where “*” can be 0-9, A-Z, a-z or blank)",LS24A40*******|S24A40****,23.8,1920,1080,IPS LCD,13.9,0.3,0.2,300,,2021-04-15
Samsung,S22D400GAN,S22D400GAN,S22D400GA*|S22D400GEN|S22D400GE*|S22D402GAN|S22D402GA*|S22D402GEN|S22D402GE*|S22D404GAN|S22D404GA*|S22D404GEN|S22D404GE*|S22D40*GA*|S22D40*GE*,22,1920,1080,IPS LCD,9.5,0.5,0.5,331,,2024-09-20
Samsung,"S24A40*### (*=0-9, #=A-Z, blank)","S24A40*### (*=0-9, #=A-Z, blank)",S24A40*###,24,1920,1080,TN LCD,13.61,0.3,0.21,263,,2021-08-03
Samsung,S24A600UCN,S24A600UCN,S24A600UC*|S24A608UCN|S24A608UC*|S24A60PUCN|S24A60PUC*,23.8,2560,1440,IPS LCD,16.5,0.5,0.5,332,,2021-01-12
Samsung,S24A608NAN,S24A608NAN,S24A600NA*|S24A608NA*,23.8,2560,1440,IPS LCD,15,0.5,0.5,336,,2023-02-07
Samsung,S24D400GAN,S24D400GAN,S24D400GA*|S24D400GEN|S24D400GE*|S24D400GSN|S24D400GS*|S24D402GAN|S24D402GA*|S24D402GEN|S24D402GE*|S24D402GSN|S24D402GS*|S24D404GAN|S24D404GA*|S24D404GEN|S24D404GE*|S24D406GAN|S24D406GA*|S24D406GEN|S24D406GE*|S24D408GAN|S24D408GA*|S24D408GEN|S24D408GE*|S24D409GAN|S24D409GA*|S24D409GEN|S24D409GE*|S24D40*GA*|S24D40*GE*|S24D40*GS*,24,1920,1080,IPS LCD,11.6,0.5,0.5,336,,2024-09-20
Samsung,S24D600EAN,S24D600EAN,S24D600EAL|S24D600EA*|S24D600EAU|S24D600EEN|S24D600EE*|S24D602EA*|S24D602EEN|S24D602EE*|S24D604EA*|S24D604EEN|S24D604EE*|S24D606EA*|S24D60*EE*,24,2560,1440,IPS LCD,16,0.5,0.5,453,,2024-02-26
Samsung,S24D600UAN,S24D600UAN,S24D600UAL|S24D600UA*|S24D600UAU|S24D600UEN|S24D600UE*|S24D602UA*|S24D602UEN|S24D602UE*|S24D604UA*|S24D604UEN|S24D604UE*|S24D606UA*|S24D60*UE*,24,2560,1440,IPS LCD,19.5,0.5,0.5,443,,2024-02-27
Samsung,S24F43*UA****,LS24F43*UA****,*S24F43*UA****,23.8,1920,1080,IPS LCD,11.1,0.46,0.25,300,,2025-03-28
Samsung,"S24HG31*** (* = 0-9, A-Z or blank)","S24HG31*** (* = 0-9, A-Z or blank)",S24HG31***|LS24HG31******,23.8,1920,1080,IPS LCD,12.53,0.14,0.13,284.8,,2026-05-11
Samsung,S24HG320EN,S24HG320EN,S24HG32*E*,23.8,1920,1080,IPS LCD,9.74,0.16,0.16,270,,2026-06-30
Samsung,S24R65*FD#,S24R65*FD#,#S24R65*FD####,23.8,1080,1920,TFT LCD,10.27,0.2,0.19,363.2,,2019-08-29
Samsung,"S27A40*### (*=0-9, #=A-Z, blank)","S27A40*### (*=0-9, #=A-Z, blank)",S27A40*###,27,1920,1080,TN LCD,15.56,0.3,0.22,274.2,,2021-08-03
Samsung,S27A600NAN,S27A600NAN,S27A600NA*|S27A602NA*,27,2560,1440,IPS LCD,18.5,0.5,0.5,357,,2023-02-07
Samsung,S27A600UUN,S27A600UUN,S27A600UU*|S27A60PUUN|S27A60PUU*,27,2560,1440,IPS LCD,18.7,0.5,0.5,397,,2021-01-29
Samsung,S27A700NWN,S27A700NWN,S27A700NW*|S27A702NWN|S27A702NW*|S27A704NWN|S27A704NW*|S27A706NWN|S27A706NW*,27,3840,2160,IPS LCD,24.9,0.5,0.5,314,,2021-01-29
Samsung,S27A800UNN,S27A800UNN,S27A800UN*|S27A80DUNN*,27,3840,2160,IPS LCD,26.5,0.5,0.5,341,,2021-05-31
Samsung,S27B800PXN,S27B800PXN,S27B800PEN|S27B800PE*|S27B800PX*|S27B802PEN|S27B802PE*|S27B804PEN|S27B804PE*|S27B804PXN|S27B804PX*|S27B806PXN|S27B806PX*|S27B80*PE*|S27B80*PX*,27,3840,2160,IPS LCD,27.3,0.5,0.5,360,,2022-03-02
Samsung,S27D400GAN,S27D400GAN,S27D400GA*|S27D400GEN|S27D400GE*|S27D400GSN|S27D400GS*|S27D402GAN|S27D402GA*|S27D402GEN|S27D402GE*|S27D402GSN|S27D402GS*|S27D404GAN|S27D404GA*|S27D404GEN|S27D404GE*|S27D406GAN|S27D406GA*|S27D406GEN|S27D406GE*|S27D408GAN|S27D408GA*|S27D408GEN|S27D408GE*|S27D409GAN|S27D409GA*|S27D409GEN|S27D409GE*|S27D40*GA*|S27D40*GE*|S27D40*GS*,27,1920,1080,IPS LCD,13.1,0.5,0.5,342,,2024-09-23
Samsung,S27D600EAN,S27D600EAN,S27D600EAL|S27D600EA*|S27D600EAU|S27D600EEN|S27D600EE*|S27D600ESN|S27D600ES*|S27D602EA*|S27D602EEN|S27D602EE*|S27D602ESN|S27D602ES*|S27D604EA*|S27D604EEN|S27D604EE*|S27D606EA*|S27D60*EE*|S27D60*ES*,27,2560,1440,IPS LCD,17,0.5,0.5,443,,2024-02-26
Samsung,S27D600UAN,S27D600UAN,S27D600UAL|S27D600UA*|S27D600UAU|S27D600UEN|S27D600UE*|S27D600USN|S27D600US*|S27D602UA*|S27D602UEN|S27D602UE*|S27D602USN|S27D602US*|S27D604UA*|S27D604UEN|S27D604UE*|S27D606UA*|S27D60*UE*|S27D60*US*,27,2560,1440,IPS LCD,20.6,0.5,0.5,422,,2024-02-27
Samsung,S27D700EAN,S27D700EAN,S27D700EA*|S27D702EAN|S27D702EA*|S27D704EAN|S27D704EA*|S27D706EAN|S27D706EA*|S27D707EAN|S27D707EA*,27,3840,2160,IPS LCD,23.8,0.5,0.5,387,,2024-03-27
Samsung,S27D800EAN,S27D800EAN,S27D800EA*|S27D800EEN|S27D800EE*|S27D802EAN|S27D802EA*|S27D802EEN|S27D802EE*|S27D804EAN|S27D804EA*|S27D804EEN|S27D804EE*|S27D806EAN|S27D806EA*|S27D80*EE*,27,3840,2160,IPS LCD,23.5,0.5,0.5,342,,2024-03-28
Samsung,S27D800UAN,S27D800UAN,S27D800UA*|S27D800UEN|S27D800UE*|S27D802UAN|S27D802UA*|S27D802UEN|S27D802UE*|S27D804UAN|S27D804UA*|S27D804UEN|S27D804UE*|S27D806UAN|S27D806UA*|S27D80*UE*,27,3840,2160,IPS LCD,25.8,0.5,0.5,399,,2024-03-28
Samsung,S27F43*UA****,LS27F43*UA****,*S27F43*UA****,27,1920,1080,IPS LCD,13.85,0.46,0.23,300,,2025-03-28
Samsung,S27H800EAN,S27H800EAN,S27H800EA*|S27H802EAN|S27H802EA*|S27H804EAN|S27H804EA*|S27H80DEAN|S27H80DEA*|S27H80*EA*,26.9,3840,2160,IPS LCD,23.2,0.5,0.5,420,,2026-03-17
Samsung,S27H800UAN,S27H800UAN,S27H800UA*|S27H802UAN|S27H802UA*|S27H804UAN|S27H804UA*|S27H80DUAN|S27H80DUA*|S27H80*UA*,26.9,3840,2160,IPS LCD,28.2,0.5,0.5,360,,2026-03-17
Samsung,"S27HG31*** (* = 0-9, A-Z or blank)","S27HG31*** (* = 0-9, A-Z or blank)",S27HG31***|LS27HG31******,27,1920,1080,IPS LCD,12,0.14,0.14,279,,2026-05-11
Samsung,S27HG320EN,S27HG320EN,S27HG32*E*,27,1920,1080,IPS LCD,10.11,0.14,0.15,270,,2026-06-30
Samsung,S27R65*FD#,S27R65*FD#,#S27R65*FD####,27,1080,1920,TFT LCD,13.49,0.2,0.19,368.3,,2019-09-03
Samsung,S32A700NWN,S32A700NWN,S32A700NW*|S32A702NWN|S32A702NW*|S32A704NWN|S32A704NW*|S32A706NWN|S32A706NW*,31.5,3840,2160,VA LCD,33.3,0.5,0.5,333,,2021-01-12
Samsung,S32B800PXN,S32B800PXN,S32B800PEN|S32B800PE*|S32B800PX*|S32B802PEN|S32B802PE*|S32B804PEN|S32B804PE*|S32B804PXN|S32B804PX*|S32B806PXN|S32B806PX*|S32B80*PE*|S32B80*PX*,32,3840,2160,IPS LCD,36.5,0.5,0.5,380,DisplayHDR 600,2022-03-02
Samsung,S32D600EAN,S32D600EAN,S32D600EAL|S32D600EA*|S32D600EAU|S32D600EEN|S32D600EE*|S32D602EA*|S32D602EEN|S32D602EE*|S32D604EA*|S32D604EEN|S32D604EE*|S32D606EA*|S32D60*EE*,32,2560,1440,IPS LCD,21.3,0.5,0.5,384,,2024-02-26
Samsung,S32D600UAN,S32D600UAN,S32D600UAL|S32D600UA*|S32D600UAU|S32D600UEN|S32D600UE*|S32D602UA*|S32D602UEN|S32D602UE*|S32D604UA*|S32D604UEN|S32D604UE*|S32D606UA*|S32D60*UE*,32,2560,1440,IPS LCD,24.8,0.5,0.5,379,,2024-02-27
Samsung,S32D700EAN,S32D700EAN,S32D700EA*|S32D701EAN|S32D701EA*|S32D702EAN|S32D702EA*|S32D703EAN|S32D703EA*|S32D704EAN|S32D704EA*|S32D705EAN|S32D705EA*|S32D706EAN|S32D706EA*|S32D707EAN|S32D707EA*,32,3840,2160,VA LCD,34.3,0.5,0.5,383,,2024-03-27
Samsung,S32D700EBN,S32D700EBN,S32D700EB*|S32D702EBN|S32D702EB*|S32D704EBN|S32D704EB*|S32D706EBN|S32D706EB*|S32D708EBN|S32D708EB*|S32D709EBN|S32D709EB*|S32D70*EB*,32,3840,2160,IPS LCD,25.71,0.5,0.5,457,,2025-01-02
Samsung,S32D800EAN,S32D800EAN,S32D800EA*|S32D800EEN|S32D800EE*|S32D802EAN|S32D802EA*|S32D802EEN|S32D802EE*|S32D804EAN|S32D804EA*|S32D804EEN|S32D804EE*|S32D806EAN|S32D806EA*|S32D80*EE*,32,3840,2160,VA LCD,34.5,0.5,0.5,369,,2024-03-28
Samsung,S32D800UAN,S32D800UAN,S32D800UA*|S32D800UBN|S32D800UB*|S32D800UEN|S32D800UE*|S32D802UAN|S32D802UA*|S32D802UBN|S32D802UB*|S32D802UEN|S32D802UE*|S32D804UAN|S32D804UA*|S32D804UBN|S32D804UB*|S32D804UEN|S32D804UE*|S32D806UAN|S32D806UA*|S32D806UBN|S32D806UB*|S32D808UBN|S32D808UB*|S32D809UBN|S32D809UB*|S32D80*UB*|S32D80*UE*,32,3840,2160,VA LCD,35.8,0.5,0.5,368,,2024-03-27
Samsung,S32D800UBN,S32D800UBN,S32D800UB*|S32D802UBN|S32D802UB*|S32D804UBN|S32D804UB*|S32D806UBN|S32D806UB*|S32D808UBN|S32D808UB*|S32D809UBN|S32D809UB*|S32D80*UB*,32,3840,2160,IPS LCD,26.2,0.5,0.5,448,,2025-01-02
Samsung,S32H800EAN,S32H800EAN,S32H800EA*|S32H802EAN|S32H802EA*|S32H804EAN|S32H804EA*|S32H80DEAN|S32H80DEA*|S32H80*EA*,31.5,3840,2160,VA LCD,34.8,0.5,0.5,410,,2026-03-17
Samsung,S32H800UAN,S32H800UAN,S32H800UA*|S32H802UAN|S32H802UA*|S32H804UAN|S32H804UA*|S32H80DUAN|S32H80DUA*|S32H80*UA*,31.5,3840,2160,VA LCD,36.2,0.5,0.5,370,,2026-03-17
Samsung,S34A650UBN,S34A650UBN,S34A650UB*|S34A652UBN|S34A652UB*|S34A654UBN|S34A654UB*,34,3440,1440,VA LCD,27,0.5,0.5,417,,2022-07-25
Samsung,S34C650TAN,S34C650TAN,S34C650TA*|S34C652TAN|S34C652TA*|S34C654TAN|S34C654TA*,34,3440,1440,VA LCD,29.58,0.5,0.5,339,,2023-11-01
Samsung,S34C650UAN,S34C650UAN,S34C650UA*|S34C650UEN|S34C650UE*|S34C650UNI|S34C652UAN|S34C652UA*|S34C652UEN|S34C652UE*|S34C654UAN|S34C654UA*|S34C654UEN|S34C654UE*|S34C65*UE*,34,3440,1440,VA LCD,29.2,0.5,0.5,441,,2023-05-08
Samsung,S34C650VAN,S34C650VAN,S34C650VA*|S34C650VEN|S34C650VE*|S34C652VAN|S34C652VA*|S34C652VEN|S34C652VE*|S34C654VAN|S34C654VA*|S34C654VEN|S34C654VE*|S34C65*VA*|S34C65*VE*,34,3440,1440,VA LCD,28.64,0.5,0.5,444,,2023-05-08
Samsung,S37D700EAN,S37D700EAN,S37D700EA*|S37D702EAN|S37D702EA*|S37D704EAN|S37D704EA*|S37D70*EA*,37,3840,2160,VA LCD,31.9,0.5,0.5,432,,2025-01-06
Samsung,S37D800EAN,S37D800EAN,S37D800EA*|S37D802EAN|S37D802EA*|S37D804EAN|S37D804EA*|S37D80*EA*,37,3840,2160,VA LCD,31.9,0.5,0.5,432,,2025-01-05
Samsung,S37D800UAN,S37D800UAN,S37D800UA*|S37D802UAN|S37D802UA*|S37D804UAN|S37D804UA*|S37D80*UA*,37,3840,2160,VA LCD,32.1,0.5,0.5,445,,2025-01-05
Samsung,S40H850TAN,S40H850TAN,S40H850TA*|S40H852TAN|S40H852TA*|S40H854TAN|S40H854TA*|S40H85*TA*,39.6,5120,2160,VA LCD,57,0.5,0.5,220,,2026-03-17
Samsung,S49F950UAN,S49F950UAN,S49F950UA*|S49F952UAN|S49F952UA*|S49F954UAN|S49F954UA*|S49F95*UA*,49,5120,1440,VA LCD,52.2,0.5,0.5,507,,2025-05-19
Sansui,ES-22X3,ES-22X3,L****22**********|LM-22X3,21.5,1920,1080,TN LCD,13.35,0.13,0.1,250,,2023-08-02
Sansui,ES-24X3A,ES-24X3A,L****24**********|LM-24X3A,23.8,1920,1080,IPS LCD,14,0.17,0.14,251.7,,2023-08-29
Sansui,ES-24X5A,ES-24X5A,L****24**********|LM-24X5A,23.8,1920,1080,TFT LCD,10.5,0.17,0.15,250,,2023-08-04
Sansui,SM24M1,SM24M1,LM-24M01,23.8,1920,1080,IPS LCD,12.25,0.07,0.05,157.5,,2022-03-05
SCEPTRE,E22,F22,E229W-19203RT|E229W-19203RTA|E22*W-19203RT***,21.5,1920,1080,TFT LCD,12.54,0.14,0.13,585,,2021-08-13
SCEPTRE,E248B-1653PT,L24,E240B-1653PT|E240B-FPT168|E241B-1653PT|E241B-FPT168|E242B-1653PT|E242B-FPT168|E243B-1653PT|E243B-FPT168|E244B-1653PT|E244B-FPT168|E245B-1653PT|E245B-FPT168|E246B-1653PT|E246B-FPT168|E247B-1653PT|E247B-FPT168|E248B-FPT168|E249B-1653PT|E249B-FPT168|M24,23.8,1920,1080,TFT LCD,11,0.15,0.12,308,,2020-05-11
SCEPTRE,E275W-19203PT,E27,E270W-19203PT|E270W-FPT|E271W-19203PT|E271W-FPT|E272W-19203PT|E272W-FPT|E273W-19203PT|E273W-FPT|E274W-19203PT|E274W-FPT|E275W-FPT|E276W-19203PT|E276W-FPT|E277W-19203PT|E277W-FPT|E278W-19203PT|E278W-FPT|E279W-19203PT|E279W-FPT|F27,27,1920,1080,TFT LCD,14.06,0.16,0.12,460,,2020-05-11
SCEPTRE,"F22, E22, E225W-FW144G, E22XW-FW120XXXXX, E22XW-FW144XXXXX ( X can be any alphanumeric character, symbol or blank, which represents different sales area code.)",LED monitor,F22|E22|E225W-FW144G|E22XW-FW120XXXXX|E22XW-FW144XXXXX,21.4,1920,1080,VA LCD,13.51,0.13,0.16,285.9,,2025-12-29
Sharp,DD-E224F,MultiSync E224F,DD-E224FW,21.5,1920,1080,VA LCD,7.61,0.15,0.1,250,,2025-06-27
Sharp,DD-E224FL,MultiSync E224FL,DD-E224FLW,21.5,1920,1080,VA LCD,9.67,0.29,0.26,250,,2025-06-27
Sharp,DD-E244F,MultiSync E244F,DD-E244FW,23.8,1920,1080,IPS LCD,11.9,0.12,0.11,250,,2025-06-27
Sharp,DD-E244FL,MultiSync E244FL,DD-E244FLW,23.8,1920,1080,IPS LCD,13.04,0.26,0.21,250,,2025-06-27
Sharp,DD-EA241F,DD-EA241F,DD-EA241FG|DD-EA241FW,23.8,1080,1920,IPS LCD,12.84,0.29,0.24,250,,2025-05-09
Sharp,DD-EA241W,DD-EA241W,DD-EA241WW,24,1920,1200,TFT LCD,11.86,0.3,0.25,300,,2025-05-09
Sharp,DD-EA242F,DD-EA242F,DD-EA242FW,23.8,1920,1080,TFT LCD,14.81,0.48,0.18,250,,2025-05-09
Sharp,DD-EA242W,DD-EA242W,DD-EA242WW,24.1,1920,1200,IPS LCD,13.31,0.29,0.18,300,,2025-05-09
Sharp,DD-EA271F,DD-EA271F,DD-EA271FW,27,1080,1920,IPS LCD,13.85,0.3,0.23,250,,2025-05-09
Sharp,DD-EA272F,DD-EA272F,DD-EA272FW,27,1920,1080,TFT LCD,16.81,0.57,0.19,250,,2025-05-09
Sharp,DD-EA272QW,MultiSync EA272QW,DD-EA272Q,27,2560,1440,IPS LCD,14.26,0.41,0.19,350,,2024-04-09
Sharp,DD-EA272UW,MultiSync EA272UW,DD-EA272U,27,3840,2160,ADS,15.04,0.49,0.19,400,,2024-04-09
SiComputer,NI24,Scena NI24,N*24*|N*24,23.8,1920,1080,TFT LCD,13.61,0.2,0.17,400,,2020-11-23
SiComputer,NI27,Scena NI27,N*27*|N*27,27,1920,1080,TFT LCD,12.42,0.18,0.16,450,,2022-05-26
SiComputer,Scena NC24,Scena NC24,N*24|N*24*|NC24,24,1920,1080,TFT-LCD,14.42,0.25,0.23,250,,2022-04-04
SiComputer,Scena NC27,LCD Monitor,N*27|N*27*|N*27**|N*27***|NC27,26.9,1920,1080,IPS LCD,12.08,0.3,0.28,311.8,,2022-08-25
SiComputer,"Scena NH24* (*=A-Z, a-z or 0-9)","Scena NH24* (*=A-Z, a-z or 0-9)",,23.8,1920,1080,TFT-LCD,14.39,0.24,0.11,244,,2024-07-09
SiComputer,"Scena NH27* (*=A-Z, a-z or 0-9)","Scena NH27* (*=A-Z, a-z or 0-9)",,27,2560,1440,TFT-LCD,18.39,0.26,0.14,260,,2024-07-09
SMART,SIP-727,SIP-727,SIP-727P|SP7-1,27,3840,2160,LCD,26.12,0.29,0.29,400,,2025-06-05
TEROS,TE-2712S,TE-2712S,TE-27*****,27,1920,1080,TN LCD,13.65,0.08,0.07,350,,2024-06-25
Thermaltake,GM-GCE-49CEUB,GM-GCE-49CEUB,GM-GCE-49CEUB-AU|GM-GCE-49CEUB-CN|GM-GCE-49CEUB-EU|GM-GCE-49CEUB-JP|GM-GCE-49CEUB-TW|GM-GCE-49CEUB-UK|GM-GCE-49CEUB-US,48.7,1440,5120,IPS LCD,45.84,0.4,0.27,400,,2025-10-16
Toshiba,6150-P15,6150-P15,6150-B15,15,1024,768,VA LCD,6.6,1,0.42,320,,2025-02-05
Toshiba,6150-P16,6150-P16,6150-B16,15.6,1920,1080,VA LCD,7.1,1.1,0.42,400,,2025-02-05
Toshiba,6150-P19,6150-P19,6150-B19,19.5,1920,1080,VA LCD,10.1,1.21,0.48,400,,2025-06-30
Toshiba,6150-P24,6150-P24,6150-B24,24,1920,1080,VA LCD,13.2,1.1,0.45,360,,2025-02-05
V7,L238V0-HAS-E,L238V0-HAS-E,L238V0-E|L238V0-HAS-N|L238V0-N|L238V1-E|L238V1-HAS-E|L238V1-HAS-N|L238V1-N|T238F10,23.8,1920,1080,IPS LCD,12.37,0.16,0.12,350,,2024-11-08
V7,L238V1-HAS-N,L238V1-HAS-N,L238V0-E|L238V0-HAS-E|L238V0-HAS-N|L238V0-N|L238V1-E|L238V1-HAS-E|L238V1-N|T238F10,23.8,1920,1080,IPS LCD,13.52,0.15,0.13,350,,2025-03-05
V7,L270QC-HAS-N,L270QC-HAS-N,J270Q10|L270QC-HAS-E,27,2560,1440,IPS LCD,16.06,0.35,0.21,300,,2024-11-15
V7,L270V0-HAS-E,L270V0-HAS-E,L270V0-E|L270V0-N|L270V0-HAS-N|L270V1-E|L270V1-HAS-E|L270V1-HAS-N|L270V1-N|T270F10,27,1920,1080,IPS LCD,14.7,0.23,0.13,350,,2024-11-08
V7,L270V1-N,L270V1-N,L270V0-E|L270V0-HAS-E|L270V0-HAS-N|L270V0-N|L270V1-E|L270V1-HAS-E|L270V1-HAS-N|L270V1|T270F10,27,1920,1080,IPS LCD,12.68,0.16,0.13,350,,2025-05-13
VAIO,VJ5VP141XXXX,VJ5VP141XXXX,,14,1920,1200,LCD,3.78,0.47,,400,,2024-04-26
Vastec,MF2439-K,LED Monitor,MF24********|MF2403|MF2404|MF2405|MF2407|MF2408|MF2409|MF240A|MF240B|MF240E|MF240G|MF240K|MF240L|MF2410|MF2411|MF2412|MF2413|MF2416|MF2418|MF2419|MF2420|MF2421|MF2422|MF2423|MF2424|MF2425|MF2426|MF2427|MF2428|MF2429|MF2430|MF2431|MF2432|MF2433|MF2434|MF2438|MF2439|MF2439-B|MF2439-B1|MF2439-B2|MF2439-K1|MF2439-K2|MF2440|MF2441|MF2442,23.8,1920,1080,IPS LCD,11.36,0.11,0.1,430.2,,2025-08-12
Vastec,MF2739-K,LED Monitor,MF27********|MF2703|MF2704|MF2705|MF2707|MF2708|MF2709|MF270A|MF270B|MF270E|MF270G|MF270K|MF270L|MF2710|MF2711|MF2712|MF2713|MF2716|MF2718|MF2719|MF2720|MF2721|MF2722|MF2723|MF2724|MF2725|MF2726|MF2727|MF2728|MF2729|MF2730|MF2731|MF2732|MF2733|MF2734|MF2738|MF2739|MF2739-B|MF2739-B1|MF2739-B2|MF2739-K1|MF2739-K2|MF2740|MF2741|MF2742,27,1920,1080,IPS LCD,11.87,0.11,0.1,519.9,,2025-08-12
ViewSonic,VA2456A-MHD,VS20212,VA2456A*********|VA2456A-MHD-1B|VA2456A-MHD_H2-1B|VA2456A-MHD_H2,23.8,1920,1080,IPS LCD,11.5,0.14,0.13,250,,2024-11-14
ViewSonic,VA2756A-MHD,VS20215,VA2756A********|VA2756A-MHD-1B,27,1920,1080,IPS LCD,13.15,0.12,0.12,250,,2024-11-13
ViewSonic,VA3420C,VS20506,VA34********|VG3420C|VG344********,34.1,3440,1440,IPS LCD,29.24,0.28,0.18,300,,2025-02-13
ViewSonic,VA3820C,VS20395,VA38********|VG38********|VG3820C|VX38********|VX3818C,37.5,3840,1600,IPS LCD,27.85,0.29,0.2,300,,2025-01-06
ViewSonic,VG3419C-2,VS20781,VA3420C-2|VG3409C,34,3440,1440,IPS LCD,25.74,0.31,0.31,300,,2025-08-08
ViewSonic,VP2766-4K,VS21439,,27,3840,2160,IPS LCD,18.99,0.46,0.21,350,,2026-06-16
ViewSonic,VS15560,VX2252mh,,21.5,1920,1080,TN LCD,9.4,0.1,0.1,250,,2019-11-01
ViewSonic,VS15562,VX2452mh,,23.5,1920,1080,TN LCD,12.6,0.1,0.1,250,,2019-11-01
ViewSonic,VS15826,VA708a,,17,1280,1024,TN LCD,7.7,0.2,0.2,250,,2019-12-20
ViewSonic,VS15843,VA951S,VG939Sm,19,1280,1024,TN LCD,10.68,0.2,0.1,250,,2019-11-14
ViewSonic,VS16453,TD2230,,21.5,1920,1080,TFT LCD,14.51,0.24,0.21,326.7,,2019-10-02
ViewSonic,VS16475,VP2468A,VP2468A-2,23.8,1920,1080,IPS LCD,12.57,0.76,0.18,250,,2020-09-10
ViewSonic,VS16814,VP2768A,VP2768A-2,27,2560,1440,IPS LCD,14.5,0.61,0.2,350,,2025-10-16
ViewSonic,VS16894,VP3268a-4K,,31.5,3840,2160,IPS LCD,26.73,0.4,0.21,350,,2021-03-05
ViewSonic,VS16980,VP3881a,,37.5,3840,1600,TFT LCD,35.17,0.45,0.22,300,,2021-06-16
ViewSonic,VS17067,VG2448-PF,VG2448|VG2448_H|VG2448_H2,23.8,1920,1080,IPS LCD,12.76,0.19,0.13,250,,2019-12-09
ViewSonic,VS17090,VX3276-2K-MHD-3T,VX3276-2K-mhd,31.5,2560,1440,IPS LCD,18.14,0.18,0.13,250,,2025-12-22
ViewSonic,VS17090,VX3276-2K-mhd,,31.5,2560,1440,IPS LCD,24.24,0.3,0.16,250,,2019-09-26
ViewSonic,VS17287,VG2439smh,,23.5,1920,1080,VA LCD,10.6,0.2,0.1,250,,2019-10-28
ViewSonic,VS17294,VA2256-mhd,VA2256-h|VA2256-mh,21.5,1920,1080,VA LCD,11.99,0.2,0.14,250,,2019-11-14
ViewSonic,VS17350,VG2248,VG2248_H|VG2248_H2,21.5,1920,1080,VA LCD,11.45,0.19,0.13,250,,2019-12-09
ViewSonic,VS17380,VP2768-4K,,27,3840,2160,IPS LCD,17.68,0.24,0.2,350,,2019-10-25
ViewSonic,VS17380,VP2768a-4K,,27,3840,2160,IPS LCD,21.55,0.56,0.21,350,,2021-03-05
ViewSonic,VS17528,VG2455,VG245,23.8,1920,1080,IPS LCD,10.21,0.27,0.19,250,,2019-10-23
ViewSonic,VS17529,VG2755,VG275,27,1920,1080,IPS LCD,13.89,0.3,0.2,250,,2019-11-07
ViewSonic,VS17551,VG2455-2K,,23.8,2560,1440,IPS LCD,8.86,0.31,0.21,300,,2019-11-07
ViewSonic,VS17552,VG2755-2K,,26.9,2560,1440,IPS LCD,15.03,0.3,0.21,350,,2018-09-14
ViewSonic,VS17780,TD2760,,27,3840,2160,VA LCD,19.05,0.18,0.11,350,,2020-01-09
ViewSonic,VS17978,TD2455,,23.8,1920,1080,In-cell Self Capacitive type multi-point touch LCD,8.88,1.98,0.19,250,,2019-10-16
ViewSonic,VS17993,VA2756-4K-MHD,,27,3840,2160,VA LCD,18.79,0.17,0.15,400,,2023-11-10
ViewSonic,VS18086,VG2456,,23.8,1920,1080,IPS LCD,13.08,0.41,0.15,250,,2019-11-13
ViewSonic,VS18086,VG2456a,,23.8,1920,1080,TFT LCD,14.41,0.55,0.18,250,,2021-05-24
ViewSonic,VS18170,TD1655,,15.6,1920,1080,TFT LCD,7.31,0.25,0.12,250,,2020-07-17
ViewSonic,VS18172,VA1655,,15.6,1920,1080,TFT,6.03,0.37,0.35,250,,2021-07-29
ViewSonic,VS18172,VG1655,,15.6,1920,1080,TFT LCD,5.86,0.25,0.1,250,,2020-07-17
ViewSonic,VS18253,VS18253,VA2762-4K|VA2762-4K***|VA2762******|VG2762******|VG2762-4K|VG2762-4K***,26.9,3840,2160,TFT-LCD,20.88,0.19,0.12,350,,2023-09-22
ViewSonic,VS18302,VG2756-2K,VG2756a-2K,27,2560,1440,IPS LCD,19.65,0.59,0.2,350,,2020-08-10
ViewSonic,VS18303,VG2756-4K,,27,3840,2160,IPS LCD,18.71,0.41,0.21,350,,2020-08-10
ViewSonic,VS18402,VG2440V,,23.8,1920,1080,IPS LCD,11.84,0.24,0.13,250,,2020-11-06
ViewSonic,VS18464,VG2440,VG2440-1B,23.8,1920,1080,VA LCD,11.3,0.26,0.15,250,,2020-11-17
ViewSonic,VS18478,TD3207,,31.5,1920,1080,VA LCD,20.03,0.4,0.37,500,,2023-12-11
ViewSonic,VS18521,VA2247-mh,,21.5,1920,1080,TN LCD,12.33,0.35,0.18,250,,2021-06-14
ViewSonic,VS18522,VA2447-mh,VA2447-mhj,23.8,1920,1080,IPS LCD,13.37,0.26,0.18,250,,2021-03-10
ViewSonic,VS18524,VA2747-mh,VA2747-mhj,27,1920,1080,TN LCD,15.83,0.26,0.12,250,,2021-03-18
ViewSonic,VS18563,VA2459-smh,,23.8,1920,1080,IPS LCD,13.34,0.21,0.15,250,,2021-01-14
ViewSonic,VS18564,VA2759-smh,,27,1920,1080,TN LCD,13.99,0.23,0.17,250,,2021-01-22
ViewSonic,VS18588,TD2423d,,23.5,1920,1080,In-cell Self Capacitive type multi-point touch LCD,12.94,1.2,0.18,250,,2021-02-08
ViewSonic,VS18636,VX2267-mhd,,21.5,1920,1080,TN LCD,13.08,0.25,0.12,250,,2021-06-14
ViewSonic,VS18637,VX2467-mhd,,23.8,1920,1080,TN LCD,13.85,0.25,0.11,250,,2021-04-26
ViewSonic,VS18638,VX2767-mhd,,27,1920,1080,TN LCD,14.93,0.25,0.11,250,,2021-04-26
ViewSonic,VS18704,VP2756-2K,VP2756A-2K,27,2560,1440,IPS LCD,16.85,0.27,0.19,350,,2021-05-24
ViewSonic,VS18705,VP2756-4K,VP275-4K,27,3840,2160,IPS LCD,17.75,0.29,0.21,350,,2021-05-24
ViewSonic,VS18764,VA2447-mhu,,23.8,1920,1080,VA LCD,13.67,0.35,0.12,250,,2021-07-15
ViewSonic,VS18811,VA2215-mh,VA2215-h,21.5,1920,1080,IPS LCD,12.02,0.13,0.12,250,,2025-05-22
ViewSonic,VS18811,VS18811,VA2215-h|VA22***********,21.5,1920,1080,VA LCD,11.21,0.14,0.12,250,,2021-11-01
ViewSonic,VS18811,VS2247-MH,VS22**********,21.5,1920,1080,VA LCD,10.95,0.16,0.14,250,,2022-04-25
ViewSonic,VS18813,VS2447M,VS24********,23.5,1920,1080,VA LCD,12.68,0.15,0.14,250,,2023-09-11
ViewSonic,VS18845,VP3256-4K,VP3256A-4K,31.5,3840,2160,ADS,30.15,0.72,0.21,350,,2026-05-06
ViewSonic,VS18858,VA2715-2K-mhd,VA2715********|VS18*****,26.7,2560,1440,VA LCD,14.98,0.14,0.14,250,,2023-11-06
ViewSonic,VS18858,VA2715-2k-mhd,,27,2560,1440,VA LCD,16.94,0.14,0.12,250,,2021-11-17
ViewSonic,VS18859,TD2456,,23.8,1920,1080,TFT-LCD,17.15,0.36,0.25,282.3,,2021-10-21
ViewSonic,VS18891,VX1775,,17.3,1920,1080,TFT LCD,10.03,0.25,0.2,250,,2021-08-16
ViewSonic,VS18980,VG2448a,,23.8,1920,1080,IPS LCD,11.71,0.21,0.11,250,,2021-10-26
ViewSonic,VS18981,VG2748a,,27,1920,1080,IPS LCD,13.04,0.21,0.1,250,,2021-10-26
ViewSonic,VS18993,VP2786-4K,VP2786a-4K,27,3840,2160,IPS LCD,19.92,0.35,0.21,350,,2022-03-15
ViewSonic,VS19012,VX2418-PC-mhd,CVX24***********|VX2418|VX24***********,23.6,1920,1080,VA LCD,13.7,0.14,0.13,250,,2022-03-21
ViewSonic,VS19142,VG2240,,21.5,1920,1080,VA LCD,10.61,0.2,0.09,250,,2022-04-25
ViewSonic,VS19150,TD2465,,23.8,1920,1080,VA LCD,11.96,0.16,0.15,300,,2022-08-24
ViewSonic,VS19151,VS19151,VA3209M-3|VA3209**********|VA32**********,31.5,1920,1080,TFT-LCD,18.17,0.11,0.1,300,,2026-06-26
ViewSonic,VS19155,VS19155,VA3209-2K-mhd|VA3209-2K-MHD|VA3209-2K-MHD**********|VA3209-2K***********|VS3225**********|VS3225-2k|VS3225-2K,31.5,2560,1440,TFT-LCD,21.66,0.11,0.1,350,,2024-11-21
ViewSonic,VS19179,VP16,VP16-OLED,15.6,1920,1080,OLED,6.57,0.3,0.27,250,,2022-06-24
ViewSonic,VS19199,VG3248-2K,,31.5,2560,1440,IPS LCD,19.52,0.28,0.19,350,,2022-09-27
ViewSonic,VS19216,VG3456C,,34,3440,1440,TFT-LCD,26.76,0.29,0.26,280,,2023-03-28
ViewSonic,VS19248,VG2456V,,24,1920,1080,IPS LCD,13.78,0.54,0.26,250,,2022-10-18
ViewSonic,VS19251,VP2456,,23.8,1920,1080,IPS LCD,11.83,0.45,0.17,250,,2022-07-28
ViewSonic,VS19271,VP3456a,,34,3440,1440,VA LCD,22.14,0.91,0.2,400,,2022-08-18
ViewSonic,VS19279,VX2476-smhd-2,VX2476-2|VX2476-smhd,23.8,1920,1080,TN LCD,10.05,0.14,0.1,250,,2022-10-12
ViewSonic,VS19280,VX2776-smhd-2,VX2776-2|VX2776-smhd,27,1920,1080,TN LCD,13.86,0.14,0.1,250,,2022-09-21
ViewSonic,VS19281,VX2776-4K-MHDU,VX2776-4K-mhdu|VX2776-mhdu|VX2776-MHDU,27,3840,2160,VA LCD,25.78,0.19,0.14,350,,2023-01-06
ViewSonic,VS19319,VX2276-smhd,,21.5,1920,1080,IPS LCD,10.9,0.14,0.12,300,,2022-11-28
ViewSonic,VS19363,VS19363,VA2409-mhu|VA2409-mhu****|VA2409-MHU|VA2409-MHU****|VA2409uj|VA2409uj****|VA2409UJ|VA2409UJ****|VA2409****|VS19149|VX2467u|VX2467U|VX2467****,23.5,1920,1080,TFT-LCD,11,0.3,0.26,0,,2022-11-28
ViewSonic,VS19435,VS19435,VA2709u-2K|VA2709U-2K|VA2709*********|VX2767u-2K****|VX2767u-2k-2|VX2767U-2K-2|VX2767u-2K|VX2767U-2K|VX2767U-2K****|VX2767u*******|VX2767U*******|VX2767********,27,2560,1440,TFT-LCD,17.72,0.39,0.38,400,,2023-03-24
ViewSonic,VS19436,VS19436,VA3209*********|VA3209u-2K|VA3209U-2K|VS19514|VX3267u-2K-2|VX3267U-2K-2|VX3267u-2K|VX3267u-2K****|VX3267U-2K|VX3267U-2K****|VX3267u*******|VX3267U*******|VX3267*********,31.5,2560,1440,TFT-LCD,21.68,0.28,0.26,250,,2023-03-24
ViewSonic,VS19437,VS19437,VG3208**********|VG3208u-4K|VG3208U-4K|VX3267u-4K-2|VX3267U-4K-2|VX3267u-4K|VX3267U-4K|VX3267u******|VX3267U******|VX3267**********,31.5,3840,2160,TFT-LCD,25.65,0.27,0.26,350,,2025-04-25
ViewSonic,VS19479,VS19479,VA2709-2K-mhd|VA2709-2K-MHD|VA2709-2K*******|VA2709**********|VG2709-2K-mhd|VG2709-2K-MHD|VG2709-2K*******|VG2709**********,27,2160,1440,TFT-LCD,17.74,0.2,0.16,340,,2023-03-01
ViewSonic,VS19559,VG2719U-4K,,27,3840,2160,IPS LCD,22.98,0.38,0.3,250,,2026-03-24
ViewSonic,VS19568,VG3456a,,34,3440,1440,VA LCD,27.31,0.44,0.23,300,,2023-09-22
ViewSonic,VS19589,VX1655,,16,1920,1080,IPS LCD,6,0.24,0.23,250,,2023-08-02
ViewSonic,VS19590,VX1655-4K,,16,3840,2160,IPS LCD,9,0.25,0.2,400,,2023-08-02
ViewSonic,VS19591,VX1655-4K-OLED,,16,3840,2160,OLED,10,0.23,0.2,448,,2023-08-02
ViewSonic,VS19613,TD2211,,21.5,1920,1080,VA LCD,13.68,0.2,0.14,300,,2023-08-16
ViewSonic,VS19630,TD2223-2,,21.5,1920,1080,VA LCD,13.71,0.77,0.16,300,,2023-08-16
ViewSonic,VS19713,VG2408,VG2408A|VG2408A-MHD,23.8,1920,1080,TFT-LCD,12.4,0.12,0.1,260,,2023-09-12
ViewSonic,VS19716,VG2708,VG2708A|VG2708A-MHD,27,1920,1080,TFT-LCD,15.42,0.11,0.09,270,,2023-09-12
ViewSonic,VS19725,VG3419C,,34,3440,1440,VA LCD,30.82,0.58,0.21,153.3,,2023-08-29
ViewSonic,VS19727,VS19727,VG3209-4K|VG3209******,31.5,3840,2160,TFT-LCD,27.43,0.16,0.13,350,,2023-09-13
ViewSonic,VS19735,VG2457V,,23.8,1920,1080,IPS LCD,13.27,0.81,0.26,250,,2023-11-27
ViewSonic,VS19736,VG2757V-2K,,27,2560,1440,IPS LCD,17.28,0.8,0.25,300,,2023-11-27
ViewSonic,VS19837,VP1656,,16,1920,1200,VA LCD,7.67,0.31,0.26,300,,2024-03-20
ViewSonic,VS19891,VP2776T-4K,,27,3840,2160,IPS LCD,23.64,1.27,0.2,400,DisplayHDR 400,2024-06-14
ViewSonic,VS19892,VG3457CV,VG3456CA,34,3440,1440,VA LCD,27.3,0.43,0.23,350,,2025-04-28
ViewSonic,VS19904,VG1656N,,16,1920,1200,IPS LCD,7.64,0.83,0.07,250,,2024-08-20
ViewSonic,VS19906,TD1656-2K,VG1656-2K|VS19905,16,2560,1600,IPS LCD,6.52,0.12,0.11,460,,2024-07-03
ViewSonic,VS19992,VS19992,VA3208-4K-mhd|VA3208-4K-MHD|VG3208*******|VG3208-4K-hd|VG3208-4K-HD|VG3208-4k|VG3208-4K,31.5,3840,2160,TFT-LCD,28.57,0.11,0.08,300,,2024-06-13
ViewSonic,VS20000,VS20000,VG2708*******|VG2708-4k|VG2708-4K,27,3840,2160,TFT-LCD,20.53,0.19,0.17,360,,2024-06-19
ViewSonic,VS20016,VX2416A,VX2416A-1B,23.8,1920,1080,IPS LCD,11.35,0.18,0.14,250,,2025-03-24
ViewSonic,VS20017,VX2716A,VX2716A-1B,27,1920,1080,IPS LCD,12.11,0.19,0.15,300,,2025-03-24
ViewSonic,VS20044,VP3276T-4K,,34,3840,2160,VA LCD,30.63,0.47,0.24,400,,2025-04-21
ViewSonic,VS20063,VG2458,VG2458-1B,23.8,1920,1080,IPS LCD,11.32,0.39,0.19,350,,2024-08-12
ViewSonic,VS20064,VG2758-2K,VG2758-2K-1B,27,2560,1440,IPS LCD,14.58,0.41,0.2,350,,2024-08-15
ViewSonic,VS20078,VA2214-MH,VA2214-H,21.5,1920,1080,IPS LCD,11.32,0.25,0.17,250,,2024-05-23
ViewSonic,VS20089,VX3228C-2K,,31.5,2560,1440,VA LCD,23.25,0.16,0.16,300,,2024-10-09
ViewSonic,VS20092,VS20092,VA2409m-2|VA2409M-2|VA2409************,23.8,1920,1080,TFT-LCD,12.68,0.11,0.1,250,,2024-06-24
ViewSonic,VS20120,VS20120,VG2709************|VG2709u-2k|VG2709U-2K,27,2560,1440,TFT-LCD,19.13,0.25,0.24,350,,2024-07-30
ViewSonic,VS20121,VS20121,VG2709-2K-mhdu-2|VG2709-2K-MHDU-2|VG2709**********,27,2560,1440,TFT-LCD,18.89,0.26,0.25,350,,2024-07-31
ViewSonic,VS20137,VS20137,VG24**********|VG2409u-2|VG2409U-2|VG2409u-3|VG2409U-3|VG2409U**********|VG2409************,23.8,1920,1080,TFT-LCD,13.14,0.27,0.2,300,,2026-07-31
ViewSonic,VS20138,VS20138,VG2409**********|VG2409-mhdu-2|VG2409-MHDU-2,23.8,1920,1080,TFT-LCD,11.31,0.24,0.2,300,,2024-08-16
ViewSonic,VS20139,VA2414-MH,VA2414-H,23.8,1920,1080,VA LCD,11.94,0.12,0.11,247.3,,2024-05-31
ViewSonic,VS20163,VA2709M,VA2714-H|VA2714-MH,27,1920,1080,IPS LCD,12.15,0.11,0.1,250,,2024-08-14
ViewSonic,VS20201,VX1654,,15.6,1920,1080,IPS LCD,7.49,0.23,0.11,250,,2024-08-07
ViewSonic,VS20202,VX1754,,17.3,1920,1080,IPS LCD,8.5,0.26,0.17,250,,2024-08-02
ViewSonic,VS20204,VP2788-5K,,34,5120,2880,VA LCD,28.64,1.53,0.21,500,,2024-11-27
ViewSonic,VS20235,VS20235,VX3276-4K************|VX3276-4k-mhd-2|VX3276-4K-MHD-2|VX3276-4k-mhd|VX3276-4K-MHD,31.5,3840,2160,TFT-LCD,25.17,0.11,0.1,300,,2024-09-06
ViewSonic,VS20374,ID2456-4K,,23.8,3840,2160,IPS LCD,22.09,1.31,0.03,250,,2025-07-01
ViewSonic,VS20379,VS20379,VX2467**********|VX2467u-2|VX2467U-2,23.8,1920,1080,TFT-LCD,11.76,0.27,0.24,250,,2025-04-18
ViewSonic,VS20410,VG2452,VG2452-1B,24,1920,1080,VA LCD,10.56,0.46,0.19,350,,2025-05-06
ViewSonic,VS20411,VG2752-2K,VG2752-2K-1B,27,2560,1440,VA LCD,13.25,0.49,0.19,350,,2025-05-07
ViewSonic,VS20413,VP2456A,,23.8,1920,1080,IPS LCD,10.83,0.97,0.2,250,,2024-12-18
ViewSonic,VS20439,VG2748A-2K,,23.8,2560,1440,IPS LCD,14.43,0.2,0.11,350,,2025-02-07
ViewSonic,VS20456,VG2441V,,23.8,1920,1080,IPS LCD,11.39,0.25,0.1,250,,2025-04-17
ViewSonic,VS20457,VG2741V,,27,1920,1080,IPS LCD,12.48,0.36,0.1,250,,2025-04-16
ViewSonic,VS20457,VG2741V-2K,,27,2560,1440,IPS LCD,13.81,0.29,0.17,250,,2025-07-09
ViewSonic,VS20460,VP2488-4K,,23.8,3840,2160,IPS LCD,26.35,0.76,0.17,500,,2025-06-30
ViewSonic,VS20465,VA1653,,15.6,1920,1080,IPS LCD,5.75,0.12,0.11,250,,2025-02-27
ViewSonic,VS20561,VA27G25,,27,1920,1080,IPS LCD,11.58,0.42,0.1,422,,2025-04-21
ViewSonic,VS20600,VA2448-MH,TVX2470-MHD|VA2448-MH-1T|VA2448-MHJ|VA2448-MHJ-1T|VA2448-MHU|VA2448-MHU-1|VS2447M|VS2447M-2T|VX2470-MHD-1T,23.8,1920,1080,IPS LCD,12.28,0.16,0.12,300,,2026-05-06
ViewSonic,VS20601,VA2748-MH,VA2748-MHJ|VX2770-MHD,27,1920,1080,IPS LCD,11.06,0.25,0.13,300,,2025-06-30
ViewSonic,VS20655,VG2451,VG2451-1B,23.8,1920,1080,IPS LCD,9.25,0.25,0.09,350,,2025-05-05
ViewSonic,VS20655,VG2451,VG2451-2|VG2451-PF,23.8,1920,1080,IPS LCD,11.83,0.48,0.13,250,,2026-08-19
ViewSonic,VS20656,VG2751,VG2751-1B,27,1920,1080,IPS LCD,11.12,0.25,0.09,300,,2025-05-05
ViewSonic,VS20656,VG2751,VG2751-2,27,1920,1080,IPS LCD,13.7,0.53,0.14,300,,2026-08-19
ViewSonic,VS20851,VA27G25-MHDJ,,27,1920,1080,IPS LCD,12.17,0.12,0.1,400,,2025-07-14
ViewSonic,VS20861,VG2748N,,27,1920,1080,IPS LCD,13.71,0.28,0.2,250,,2025-08-25
ViewSonic,VS20870,VS20870,VA24G25**********|VA24G25-mhdj|VA24G25-MHDJ,23.8,1920,1080,TFT-LCD,9.78,0.17,0.12,400,,2025-07-21
ViewSonic,VS20877,VG2242,,21.5,1920,1080,VA LCD,10.97,0.18,0.08,250,,2025-10-16
ViewSonic,VS20973,VP2766-2K,VP2766-2K-W,27,2560,1440,IPS LCD,13.19,0.47,0.28,350,,2026-03-23
ViewSonic,VS21039,VG1457,,14,1920,1200,IPS LCD,11.68,0.23,0.19,250,,2026-02-12
ViewSonic,VS21286,VP2776T-2K,,27,2560,1440,HFS,15.54,2.1,0.26,350,DisplayHDR 400,2026-06-15
ViewSonic,VS21322,VG2458V,,23.8,1920,1080,IPS LCD,14.91,0.27,0.2,250,,2026-08-19
ViewSonic,VS21326,VG2758V-2K,,27,2560,1440,IPS LCD,21.59,0.29,0.21,350,,2026-08-19
ViewSonic,VS21328,VG3442CV,,34,3440,1440,VA LCD,30.46,0.4,0.19,300,,2026-08-13
ViewSonic,VS21552,VA2256A-MHD,VA2248-MH|VA2248-MH-1T|VA2256A-MHD-1T|VX2270-MHD|VX2270-MHD-1T,21.5,1920,1080,VA LCD,11.95,0.17,0.13,250,,2026-07-16
ViewSonic,VS21595,VP3266-4K,,31.5,3840,2160,IPS LCD,24.48,0.32,0.23,500,,2026-08-04
WACOM,DTC121,DTC121,DTC121W0A,11.6,1920,1080,IPS LCD,4.7,0.79,0.15,285,,2023-04-18
WACOM,DTH135,DTH135,DTH135K0A,13.3,1920,1080,OLED,5.12,0.9,0.2,345,,2023-12-05
WACOM,DTH172,DTH172,DTH172K0A,17.3,3840,2160,IPS LCD,14.9,0.57,0.16,396,,2023-07-03
WACOM,DTH246,DTH246,DTH246K0A,23.8,2560,1440,IPS LCD,14.1,1.04,0.13,400,,2024-09-11
WACOM,DTK168,DTK168,,16,2560,1600,IPS LCD,6.3,0.91,0.1,368,,2024-01-22
WACOM,DTK246,DTK246,DTK246K0A,23.8,2560,1440,IPS LCD,13.1,0.91,0.13,400,,2024-09-11
Wacom One,DTC141,DTC141,DTC141********,14,1920,1080,IPS LCD,4.2,0.28,0.15,250,,2025-07-17
XITRIX,WFP-2420,WFP-2420,,23.8,1920,1080,TFL-LCD,10.67,0.09,0.08,300,,2024-09-19
XITRIX,WFP2420-144,WFP2420-144,,23.8,1920,1080,TFT-LCD,13.26,0.13,0.1,300,,2025-10-11
XITRIX,XPN-WFP2415-100,XPN-WFP2415-100,,23.8,1920,1080,TFT-LCD,14.31,0.11,0.1,300,,2024-02-05
XITRIX,XPN-WFPV2413,XPN-WFPV2413,,23.8,1920,1080,,10.45,0.11,0.1,465.6,,2023-02-07
YASHI,YZ2407,YZ2407,,23.8,1920,1080,VA LCD,10.64,0.15,0.13,250,,2022-08-09
YASHI,YZ2748,YZ2748,,27,1920,1080,VA LCD,12.16,0.13,0.11,250,,2022-08-09
Yealink,DeskVision A24,DeskVision A24,,23.8,1920,1080,IPS LCD,18.67,0.15,0.09,250,,2024-01-22
